timestamp,pid,memory_mb,cpu_percent,concurrent_requests
1752497087.377995,1738,28.671875,0.0,0
1752497087.377995,1739,166.5625,0.0,0
1752497087.377995,1740,167.1875,0.0,0
1752497087.377995,1741,166.484375,0.0,0
1752497087.377995,1742,166.125,0.0,0
1752497087.377995,1743,166.171875,0.0,0
1752497087.377995,1744,166.921875,0.0,0
1752497087.377995,1745,166.765625,0.0,0
1752497087.377995,1746,165.90625,0.0,0
1752497088.466513,1738,28.671875,0.0,0
1752497088.466513,1739,166.5625,0.0,0
1752497088.466513,1740,167.1875,0.0,0
1752497088.466513,1741,166.484375,0.0,0
1752497088.466513,1742,169.65625,0.0,0
1752497088.466513,1743,166.171875,0.0,0
1752497088.466513,1744,166.921875,0.0,0
1752497088.466513,1745,166.765625,0.0,0
1752497088.466513,1746,165.90625,0.0,0
1752497089.558891,1738,28.671875,0.0,0
1752497089.558891,1739,166.5625,0.0,0
1752497089.558891,1740,167.1875,0.0,0
1752497089.558891,1741,166.484375,0.0,0
1752497089.558891,1742,169.8125,0.0,0
1752497089.558891,1743,166.171875,0.0,0
1752497089.558891,1744,166.921875,0.0,0
1752497089.558891,1745,166.765625,0.0,0
1752497089.558891,1746,165.90625,0.0,0
1752497090.6496482,1738,28.671875,0.0,0
1752497090.6496482,1739,166.5625,0.0,0
1752497090.6496482,1740,167.1875,0.0,0
1752497090.6496482,1741,166.484375,0.0,0
1752497090.6496482,1742,169.96875,0.0,0
1752497090.6496482,1743,166.171875,0.0,0
1752497090.6496482,1744,166.921875,0.0,0
1752497090.6496482,1745,166.765625,0.0,0
1752497090.6496482,1746,165.90625,0.0,0
1752497091.746301,1738,28.671875,0.0,0
1752497091.746301,1739,166.5625,0.0,0
1752497091.746301,1740,167.1875,0.0,0
1752497091.746301,1741,166.484375,0.0,0
1752497091.746301,1742,170.015625,0.0,0
1752497091.746301,1743,166.171875,0.0,0
1752497091.746301,1744,166.921875,0.0,0
1752497091.746301,1745,166.765625,0.0,0
1752497091.746301,1746,165.90625,0.0,0
1752497092.8377311,1738,28.671875,0.0,0
1752497092.8377311,1739,166.5625,0.0,0
1752497092.8377311,1740,167.1875,0.0,0
1752497092.8377311,1741,166.484375,0.0,0
1752497092.8377311,1742,170.078125,0.0,0
1752497092.8377311,1743,166.1875,0.0,0
1752497092.8377311,1744,166.921875,0.0,0
1752497092.8377311,1745,166.765625,0.0,0
1752497092.8377311,1746,165.90625,0.0,0
1752497093.9269629,1738,28.671875,0.0,0
1752497093.9269629,1739,166.5625,0.0,0
1752497093.9269629,1740,167.1875,0.0,0
1752497093.9269629,1741,166.484375,0.0,0
1752497093.9269629,1742,170.09375,0.0,0
1752497093.9269629,1743,166.1875,0.0,0
1752497093.9269629,1744,166.921875,0.0,0
1752497093.9269629,1745,166.765625,0.0,0
1752497093.9269629,1746,165.90625,0.0,0
1752497095.0159621,1738,28.671875,0.0,0
1752497095.0159621,1739,166.5625,0.0,0
1752497095.0159621,1740,167.1875,0.0,0
1752497095.0159621,1741,166.484375,0.0,0
1752497095.0159621,1742,170.15625,0.0,0
1752497095.0159621,1743,166.1875,0.0,0
1752497095.0159621,1744,166.921875,0.0,0
1752497095.0159621,1745,166.765625,0.0,0
1752497095.0159621,1746,165.921875,0.0,0
1752497096.100014,1738,28.671875,0.0,0
1752497096.100014,1739,166.5625,0.0,0
1752497096.100014,1740,167.1875,0.0,0
1752497096.100014,1741,166.484375,0.0,0
1752497096.100014,1742,170.171875,0.0,0
1752497096.100014,1743,166.1875,0.0,0
1752497096.100014,1744,166.921875,0.0,0
1752497096.100014,1745,166.765625,0.0,0
1752497096.100014,1746,165.921875,0.0,0
1752497097.196264,1738,28.671875,0.0,0
1752497097.196264,1739,166.5625,0.0,0
1752497097.196264,1740,167.1875,0.0,0
1752497097.196264,1741,166.484375,0.0,0
1752497097.196264,1742,170.1875,0.0,0
1752497097.196264,1743,166.1875,0.0,0
1752497097.196264,1744,166.921875,0.0,0
1752497097.196264,1745,166.765625,0.0,0
1752497097.196264,1746,165.921875,0.0,0
1752497098.275908,1738,28.671875,0.0,0
1752497098.275908,1739,166.5625,0.0,0
1752497098.275908,1740,167.1875,0.0,0
1752497098.275908,1741,166.484375,0.0,0
1752497098.275908,1742,170.1875,0.0,0
1752497098.275908,1743,166.1875,0.0,0
1752497098.275908,1744,166.921875,0.0,0
1752497098.275908,1745,166.765625,0.0,0
1752497098.275908,1746,165.921875,0.0,0
1752497099.378398,1738,28.671875,0.0,0
1752497099.378398,1739,166.5625,0.0,0
1752497099.378398,1740,167.1875,0.0,0
1752497099.378398,1741,166.484375,0.0,0
1752497099.378398,1742,170.1875,0.0,0
1752497099.378398,1743,166.1875,0.0,0
1752497099.378398,1744,166.921875,0.0,0
1752497099.378398,1745,166.765625,0.0,0
1752497099.378398,1746,165.921875,0.0,0
1752497100.467353,1738,28.671875,0.0,0
1752497100.467353,1739,166.5625,0.0,0
1752497100.467353,1740,167.1875,0.0,0
1752497100.467353,1741,166.484375,0.0,0
1752497100.467353,1742,170.1875,0.0,0
1752497100.467353,1743,166.1875,0.0,0
1752497100.467353,1744,166.921875,0.0,0
1752497100.467353,1745,166.765625,0.0,0
1752497100.467353,1746,165.921875,0.0,0
1752497101.559926,1738,28.671875,0.0,0
1752497101.559926,1739,166.5625,0.0,0
1752497101.559926,1740,167.1875,0.0,0
1752497101.559926,1741,166.484375,0.0,0
1752497101.559926,1742,170.203125,0.0,0
1752497101.559926,1743,166.1875,0.0,0
1752497101.559926,1744,166.921875,0.0,0
1752497101.559926,1745,166.765625,0.0,0
1752497101.559926,1746,165.921875,0.0,0
1752497102.656087,1738,28.671875,0.0,0
1752497102.656087,1739,166.5625,0.0,0
1752497102.656087,1740,167.1875,0.0,0
1752497102.656087,1741,166.484375,0.0,0
1752497102.656087,1742,170.21875,0.0,0
1752497102.656087,1743,166.1875,0.0,0
1752497102.656087,1744,166.921875,0.0,0
1752497102.656087,1745,166.765625,0.0,0
1752497102.656087,1746,165.921875,0.0,0
1752497103.731372,1738,28.671875,0.0,0
1752497103.731372,1739,166.5625,0.0,0
1752497103.731372,1740,167.1875,0.0,0
1752497103.731372,1741,166.484375,0.0,0
1752497103.731372,1742,170.25,0.0,0
1752497103.731372,1743,166.1875,0.0,0
1752497103.731372,1744,166.921875,0.0,0
1752497103.731372,1745,166.765625,0.0,0
1752497103.731372,1746,165.921875,0.0,0
1752497104.818841,1738,28.671875,0.0,0
1752497104.818841,1739,166.5625,0.0,0
1752497104.818841,1740,167.1875,0.0,0
1752497104.818841,1741,166.484375,0.0,0
1752497104.818841,1742,170.3125,0.0,0
1752497104.818841,1743,166.1875,0.0,0
1752497104.818841,1744,166.921875,0.0,0
1752497104.818841,1745,166.765625,0.0,0
1752497104.818841,1746,165.921875,0.0,0
1752497105.8878841,1738,28.671875,0.0,0
1752497105.8878841,1739,166.5625,0.0,0
1752497105.8878841,1740,167.1875,0.0,0
1752497105.8878841,1741,166.484375,0.0,0
1752497105.8878841,1742,170.328125,0.0,0
1752497105.8878841,1743,166.1875,0.0,0
1752497105.8878841,1744,166.921875,0.0,0
1752497105.8878841,1745,166.765625,0.0,0
1752497105.8878841,1746,165.921875,0.0,0
1752497106.966656,1738,28.671875,0.0,0
1752497106.966656,1739,166.5625,0.0,0
1752497106.966656,1740,167.1875,0.0,0
1752497106.966656,1741,166.484375,0.0,0
1752497106.966656,1742,170.328125,0.0,0
1752497106.966656,1743,166.1875,0.0,0
1752497106.966656,1744,166.921875,0.0,0
1752497106.966656,1745,166.765625,0.0,0
1752497106.966656,1746,165.921875,0.0,0
1752497108.057438,1738,28.671875,0.0,0
1752497108.057438,1739,166.5625,0.0,0
1752497108.057438,1740,167.1875,0.0,0
1752497108.057438,1741,166.484375,0.0,0
1752497108.057438,1742,170.328125,0.0,0
1752497108.057438,1743,166.1875,0.0,0
1752497108.057438,1744,166.921875,0.0,0
1752497108.057438,1745,166.765625,0.0,0
1752497108.057438,1746,165.921875,0.0,0
1752497109.151041,1738,28.671875,0.0,0
1752497109.151041,1739,166.5625,0.0,0
1752497109.151041,1740,167.1875,0.0,0
1752497109.151041,1741,166.484375,0.0,0
1752497109.151041,1742,170.328125,0.0,0
1752497109.151041,1743,166.1875,0.0,0
1752497109.151041,1744,166.921875,0.0,0
1752497109.151041,1745,166.765625,0.0,0
1752497109.151041,1746,165.921875,0.0,0
1752497110.241048,1738,28.671875,0.0,0
1752497110.241048,1739,166.5625,0.0,0
1752497110.241048,1740,167.1875,0.0,0
1752497110.241048,1741,166.484375,0.0,0
1752497110.241048,1742,170.34375,0.0,0
1752497110.241048,1743,166.1875,0.0,0
1752497110.241048,1744,166.921875,0.0,0
1752497110.241048,1745,166.765625,0.0,0
1752497110.241048,1746,165.921875,0.0,0
1752497111.325058,1738,28.671875,0.0,0
1752497111.325058,1739,166.5625,0.0,0
1752497111.325058,1740,167.1875,0.0,0
1752497111.325058,1741,166.484375,0.0,0
1752497111.325058,1742,170.34375,0.0,0
1752497111.325058,1743,166.1875,0.0,0
1752497111.325058,1744,166.921875,0.0,0
1752497111.325058,1745,166.765625,0.0,0
1752497111.325058,1746,165.921875,0.0,0
1752497112.417422,1738,28.671875,0.0,0
1752497112.417422,1739,166.5625,0.0,0
1752497112.417422,1740,167.1875,0.0,0
1752497112.417422,1741,166.484375,0.0,0
1752497112.417422,1742,170.390625,0.0,0
1752497112.417422,1743,166.1875,0.0,0
1752497112.417422,1744,166.921875,0.0,0
1752497112.417422,1745,166.765625,0.0,0
1752497112.417422,1746,165.921875,0.0,0
1752497113.510704,1738,28.671875,0.0,0
1752497113.510704,1739,166.5625,0.0,0
1752497113.510704,1740,167.1875,0.0,0
1752497113.510704,1741,166.484375,0.0,0
1752497113.510704,1742,170.453125,0.0,0
1752497113.510704,1743,166.1875,0.0,0
1752497113.510704,1744,166.921875,0.0,0
1752497113.510704,1745,166.765625,0.0,0
1752497113.510704,1746,165.921875,0.0,0
1752497114.605658,1738,28.671875,0.0,0
1752497114.605658,1739,166.5625,0.0,0
1752497114.605658,1740,167.1875,0.0,0
1752497114.605658,1741,166.484375,0.0,0
1752497114.605658,1742,170.453125,0.0,0
1752497114.605658,1743,166.1875,0.0,0
1752497114.605658,1744,166.921875,0.0,0
1752497114.605658,1745,166.765625,0.0,0
1752497114.605658,1746,165.921875,0.0,0
1752497115.685075,1738,28.671875,0.0,0
1752497115.685075,1739,166.5625,0.0,0
1752497115.685075,1740,167.1875,0.0,0
1752497115.685075,1741,166.484375,0.0,0
1752497115.685075,1742,170.453125,0.0,0
1752497115.685075,1743,166.1875,0.0,0
1752497115.685075,1744,166.921875,0.0,0
1752497115.685075,1745,166.765625,0.0,0
1752497115.685075,1746,165.921875,0.0,0
1752497116.756365,1738,28.671875,0.0,0
1752497116.756365,1739,166.5625,0.0,0
1752497116.756365,1740,167.1875,0.0,0
1752497116.756365,1741,166.484375,0.0,0
1752497116.756365,1742,170.453125,0.0,0
1752497116.756365,1743,166.1875,0.0,0
1752497116.756365,1744,166.921875,0.0,0
1752497116.756365,1745,166.765625,0.0,0
1752497116.756365,1746,165.921875,0.0,0
1752497117.842883,1738,28.671875,0.0,0
1752497117.842883,1739,166.5625,0.0,0
1752497117.842883,1740,167.1875,0.0,0
1752497117.842883,1741,166.484375,0.0,0
1752497117.842883,1742,170.453125,0.0,0
1752497117.842883,1743,166.1875,0.0,0
1752497117.842883,1744,166.921875,0.0,0
1752497117.842883,1745,166.765625,0.0,0
1752497117.842883,1746,165.921875,0.0,0
1752497118.943733,1738,28.671875,0.0,2
1752497118.943733,1739,166.5625,0.0,2
1752497118.943733,1740,167.1875,0.0,2
1752497118.943733,1741,166.484375,0.0,2
1752497118.943733,1742,170.453125,0.0,2
1752497118.943733,1743,166.1875,0.0,2
1752497118.943733,1744,166.921875,0.0,2
1752497118.943733,1745,166.765625,0.0,2
1752497118.943733,1746,165.921875,0.0,2
1752497120.035991,1738,28.671875,0.0,0
1752497120.035991,1739,166.5625,0.0,0
1752497120.035991,1740,167.1875,0.0,0
1752497120.035991,1741,166.484375,0.0,0
1752497120.035991,1742,170.453125,0.0,0
1752497120.035991,1743,166.1875,0.0,0
1752497120.035991,1744,170.171875,0.0,0
1752497120.035991,1745,166.765625,0.0,0
1752497120.035991,1746,165.921875,0.0,0
1752497121.119931,1738,28.671875,0.0,0
1752497121.119931,1739,166.5625,0.0,0
1752497121.119931,1740,167.1875,0.0,0
1752497121.119931,1741,166.484375,0.0,0
1752497121.119931,1742,170.453125,0.0,0
1752497121.119931,1743,166.1875,0.0,0
1752497121.119931,1744,170.609375,0.0,0
1752497121.119931,1745,166.765625,0.0,0
1752497121.119931,1746,165.921875,0.0,0
1752497122.219348,1738,28.6875,0.0,0
1752497122.219348,1739,166.5625,0.0,0
1752497122.219348,1740,167.1875,0.0,0
1752497122.219348,1741,166.484375,0.0,0
1752497122.219348,1742,170.46875,0.0,0
1752497122.219348,1743,166.1875,0.0,0
1752497122.219348,1744,170.703125,0.0,0
1752497122.219348,1745,166.765625,0.0,0
1752497122.219348,1746,165.921875,0.0,0
1752497123.3143811,1738,28.6875,0.0,0
1752497123.3143811,1739,166.5625,0.0,0
1752497123.3143811,1740,167.1875,0.0,0
1752497123.3143811,1741,166.484375,0.0,0
1752497123.3143811,1742,170.46875,0.0,0
1752497123.3143811,1743,166.1875,0.0,0
1752497123.3143811,1744,170.875,0.0,0
1752497123.3143811,1745,166.765625,0.0,0
1752497123.3143811,1746,165.921875,0.0,0
1752497124.4014878,1738,28.6875,0.0,0
1752497124.4014878,1739,166.5625,0.0,0
1752497124.4014878,1740,167.1875,0.0,0
1752497124.4014878,1741,166.484375,0.0,0
1752497124.4014878,1742,170.46875,0.0,0
1752497124.4014878,1743,166.1875,0.0,0
1752497124.4014878,1744,170.890625,0.0,0
1752497124.4014878,1745,166.765625,0.0,0
1752497124.4014878,1746,165.921875,0.0,0
1752497125.494604,1738,28.6875,0.0,0
1752497125.494604,1739,166.5625,0.0,0
1752497125.494604,1740,167.1875,0.0,0
1752497125.494604,1741,166.484375,0.0,0
1752497125.494604,1742,170.5,0.0,0
1752497125.494604,1743,166.1875,0.0,0
1752497125.494604,1744,170.921875,0.0,0
1752497125.494604,1745,166.765625,0.0,0
1752497125.494604,1746,165.921875,0.0,0
1752497126.581749,1738,28.6875,0.0,0
1752497126.581749,1739,166.5625,0.0,0
1752497126.581749,1740,167.1875,0.0,0
1752497126.581749,1741,166.484375,0.0,0
1752497126.581749,1742,170.5,0.0,0
1752497126.581749,1743,166.1875,0.0,0
1752497126.581749,1744,170.921875,0.0,0
1752497126.581749,1745,166.765625,0.0,0
1752497126.581749,1746,165.921875,0.0,0
1752497127.670978,1738,28.6875,0.0,0
1752497127.670978,1739,166.5625,0.0,0
1752497127.670978,1740,167.1875,0.0,0
1752497127.670978,1741,166.484375,0.0,0
1752497127.670978,1742,170.5,0.0,0
1752497127.670978,1743,166.1875,0.0,0
1752497127.670978,1744,170.953125,0.0,0
1752497127.670978,1745,166.765625,0.0,0
1752497127.670978,1746,165.921875,0.0,0
1752497128.751883,1738,28.6875,0.0,0
1752497128.751883,1739,166.5625,0.0,0
1752497128.751883,1740,167.1875,0.0,0
1752497128.751883,1741,166.484375,0.0,0
1752497128.751883,1742,170.5,0.0,0
1752497128.751883,1743,166.1875,0.0,0
1752497128.751883,1744,170.953125,0.0,0
1752497128.751883,1745,166.765625,0.0,0
1752497128.751883,1746,165.921875,0.0,0
1752497129.849293,1738,28.6875,0.0,0
1752497129.849293,1739,166.5625,0.0,0
1752497129.849293,1740,167.1875,0.0,0
1752497129.849293,1741,166.484375,0.0,0
1752497129.849293,1742,170.5,0.0,0
1752497129.849293,1743,166.1875,0.0,0
1752497129.849293,1744,170.96875,0.0,0
1752497129.849293,1745,166.765625,0.0,0
1752497129.849293,1746,165.921875,0.0,0
1752497130.925121,1738,28.6875,0.0,0
1752497130.925121,1739,166.5625,0.0,0
1752497130.925121,1740,167.1875,0.0,0
1752497130.925121,1741,166.484375,0.0,0
1752497130.925121,1742,170.5,0.0,0
1752497130.925121,1743,166.1875,0.0,0
1752497130.925121,1744,170.96875,0.0,0
1752497130.925121,1745,166.765625,0.0,0
1752497130.925121,1746,165.921875,0.0,0
1752497132.008527,1738,28.6875,0.0,0
1752497132.008527,1739,166.5625,0.0,0
1752497132.008527,1740,167.1875,0.0,0
1752497132.008527,1741,166.484375,0.0,0
1752497132.008527,1742,170.515625,0.0,0
1752497132.008527,1743,166.1875,0.0,0
1752497132.008527,1744,170.984375,0.0,0
1752497132.008527,1745,166.765625,0.0,0
1752497132.008527,1746,165.921875,0.0,0
1752497133.09473,1738,28.6875,0.0,0
1752497133.09473,1739,166.5625,0.0,0
1752497133.09473,1740,167.1875,0.0,0
1752497133.09473,1741,166.484375,0.0,0
1752497133.09473,1742,170.515625,0.0,0
1752497133.09473,1743,166.1875,0.0,0
1752497133.09473,1744,170.984375,0.0,0
1752497133.09473,1745,166.765625,0.0,0
1752497133.09473,1746,165.921875,0.0,0
1752497134.189515,1738,28.6875,0.0,0
1752497134.189515,1739,166.5625,0.0,0
1752497134.189515,1740,167.1875,0.0,0
1752497134.189515,1741,166.484375,0.0,0
1752497134.189515,1742,170.515625,0.0,0
1752497134.189515,1743,166.1875,0.0,0
1752497134.189515,1744,170.984375,0.0,0
1752497134.189515,1745,166.765625,0.0,0
1752497134.189515,1746,165.921875,0.0,0
1752497135.287045,1738,28.6875,0.0,0
1752497135.287045,1739,166.5625,0.0,0
1752497135.287045,1740,167.1875,0.0,0
1752497135.287045,1741,166.484375,0.0,0
1752497135.287045,1742,170.515625,0.0,0
1752497135.287045,1743,166.1875,0.0,0
1752497135.287045,1744,170.984375,0.0,0
1752497135.287045,1745,166.765625,0.0,0
1752497135.287045,1746,165.921875,0.0,0
1752497136.3769531,1738,28.6875,0.0,0
1752497136.3769531,1739,166.5625,0.0,0
1752497136.3769531,1740,167.1875,0.0,0
1752497136.3769531,1741,166.484375,0.0,0
1752497136.3769531,1742,170.515625,0.0,0
1752497136.3769531,1743,166.1875,0.0,0
1752497136.3769531,1744,170.984375,0.0,0
1752497136.3769531,1745,166.765625,0.0,0
1752497136.3769531,1746,165.921875,0.0,0
1752497137.464235,1738,28.6875,0.0,0
1752497137.464235,1739,166.5625,0.0,0
1752497137.464235,1740,167.1875,0.0,0
1752497137.464235,1741,166.484375,0.0,0
1752497137.464235,1742,170.53125,0.0,0
1752497137.464235,1743,166.1875,0.0,0
1752497137.464235,1744,171.015625,0.0,0
1752497137.464235,1745,166.765625,0.0,0
1752497137.464235,1746,165.921875,0.0,0
1752497138.549278,1738,28.6875,0.0,0
1752497138.549278,1739,166.5625,0.0,0
1752497138.549278,1740,167.1875,0.0,0
1752497138.549278,1741,166.484375,0.0,0
1752497138.549278,1742,170.53125,0.0,0
1752497138.549278,1743,166.1875,0.0,0
1752497138.549278,1744,171.015625,0.0,0
1752497138.549278,1745,166.765625,0.0,0
1752497138.549278,1746,165.921875,0.0,0
1752497139.6374242,1738,28.6875,0.0,0
1752497139.6374242,1739,166.5625,0.0,0
1752497139.6374242,1740,167.1875,0.0,0
1752497139.6374242,1741,166.484375,0.0,0
1752497139.6374242,1742,170.53125,0.0,0
1752497139.6374242,1743,166.1875,0.0,0
1752497139.6374242,1744,171.03125,0.0,0
1752497139.6374242,1745,166.765625,0.0,0
1752497139.6374242,1746,165.921875,0.0,0
1752497140.7337952,1738,28.6875,0.0,0
1752497140.7337952,1739,166.5625,0.0,0
1752497140.7337952,1740,167.1875,0.0,0
1752497140.7337952,1741,166.484375,0.0,0
1752497140.7337952,1742,170.53125,0.0,0
1752497140.7337952,1743,166.1875,0.0,0
1752497140.7337952,1744,171.046875,0.0,0
1752497140.7337952,1745,166.765625,0.0,0
1752497140.7337952,1746,165.921875,0.0,0
1752497141.824956,1738,28.6875,0.0,0
1752497141.824956,1739,166.5625,0.0,0
1752497141.824956,1740,167.1875,0.0,0
1752497141.824956,1741,166.484375,0.0,0
1752497141.824956,1742,170.546875,0.0,0
1752497141.824956,1743,166.1875,0.0,0
1752497141.824956,1744,171.0625,0.0,0
1752497141.824956,1745,166.765625,0.0,0
1752497141.824956,1746,165.921875,0.0,0
1752497142.9275541,1738,28.6875,0.0,0
1752497142.9275541,1739,166.5625,0.0,0
1752497142.9275541,1740,167.1875,0.0,0
1752497142.9275541,1741,166.484375,0.0,0
1752497142.9275541,1742,170.546875,0.0,0
1752497142.9275541,1743,166.1875,0.0,0
1752497142.9275541,1744,171.0625,0.0,0
1752497142.9275541,1745,166.765625,0.0,0
1752497142.9275541,1746,165.921875,0.0,0
1752497144.016278,1738,28.6875,0.0,0
1752497144.016278,1739,166.5625,0.0,0
1752497144.016278,1740,167.1875,0.0,0
1752497144.016278,1741,166.484375,0.0,0
1752497144.016278,1742,170.546875,0.0,0
1752497144.016278,1743,166.1875,0.0,0
1752497144.016278,1744,171.078125,0.0,0
1752497144.016278,1745,166.765625,0.0,0
1752497144.016278,1746,165.921875,0.0,0
1752497145.092246,1738,28.6875,0.0,0
1752497145.092246,1739,166.5625,0.0,0
1752497145.092246,1740,167.1875,0.0,0
1752497145.092246,1741,166.484375,0.0,0
1752497145.092246,1742,170.5625,0.0,0
1752497145.092246,1743,166.1875,0.0,0
1752497145.092246,1744,171.09375,0.0,0
1752497145.092246,1745,166.765625,0.0,0
1752497145.092246,1746,165.921875,0.0,0
1752497146.168452,1738,28.6875,0.0,0
1752497146.168452,1739,166.5625,0.0,0
1752497146.168452,1740,167.1875,0.0,0
1752497146.168452,1741,166.484375,0.0,0
1752497146.168452,1742,170.578125,0.0,0
1752497146.168452,1743,166.1875,0.0,0
1752497146.168452,1744,171.09375,0.0,0
1752497146.168452,1745,166.765625,0.0,0
1752497146.168452,1746,165.921875,0.0,0
1752497147.263246,1738,28.6875,0.0,0
1752497147.263246,1739,166.5625,0.0,0
1752497147.263246,1740,167.1875,0.0,0
1752497147.263246,1741,166.484375,0.0,0
1752497147.263246,1742,170.578125,0.0,0
1752497147.263246,1743,166.1875,0.0,0
1752497147.263246,1744,171.09375,0.0,0
1752497147.263246,1745,166.765625,0.0,0
1752497147.263246,1746,165.921875,0.0,0
1752497148.354833,1738,28.6875,0.0,0
1752497148.354833,1739,166.5625,0.0,0
1752497148.354833,1740,167.1875,0.0,0
1752497148.354833,1741,166.484375,0.0,0
1752497148.354833,1742,170.578125,0.0,0
1752497148.354833,1743,166.1875,0.0,0
1752497148.354833,1744,171.109375,0.0,0
1752497148.354833,1745,166.765625,0.0,0
1752497148.354833,1746,165.921875,0.0,0
1752497149.440717,1738,28.6875,0.0,0
1752497149.440717,1739,166.5625,0.0,0
1752497149.440717,1740,167.1875,0.0,0
1752497149.440717,1741,166.484375,0.0,0
1752497149.440717,1742,170.578125,0.0,0
1752497149.440717,1743,166.1875,0.0,0
1752497149.440717,1744,171.109375,0.0,0
1752497149.440717,1745,166.765625,0.0,0
1752497149.440717,1746,165.921875,0.0,0
1752497150.540884,1738,28.6875,0.0,0
1752497150.540884,1739,166.5625,0.0,0
1752497150.540884,1740,167.1875,0.0,0
1752497150.540884,1741,166.484375,0.0,0
1752497150.540884,1742,170.578125,0.0,0
1752497150.540884,1743,166.1875,0.0,0
1752497150.540884,1744,171.109375,0.0,0
1752497150.540884,1745,166.765625,0.0,0
1752497150.540884,1746,165.921875,0.0,0
1752497151.633108,1738,28.6875,0.0,5
1752497151.633108,1739,166.5625,0.0,5
1752497151.633108,1740,167.1875,0.0,5
1752497151.633108,1741,166.484375,0.0,5
1752497151.633108,1742,170.578125,0.0,5
1752497151.633108,1743,166.1875,0.0,5
1752497151.633108,1744,171.109375,0.0,5
1752497151.633108,1745,166.765625,0.0,5
1752497151.633108,1746,165.921875,0.0,5
1752497152.726677,1738,28.6875,0.0,0
1752497152.726677,1739,166.5625,0.0,0
1752497152.726677,1740,167.1875,0.0,0
1752497152.726677,1741,166.484375,0.0,0
1752497152.726677,1742,170.578125,0.0,0
1752497152.726677,1743,166.1875,0.0,0
1752497152.726677,1744,171.109375,0.0,0
1752497152.726677,1745,170.359375,0.0,0
1752497152.726677,1746,165.921875,0.0,0
1752497153.8139908,1738,28.6875,0.0,0
1752497153.8139908,1739,166.5625,0.0,0
1752497153.8139908,1740,167.1875,0.0,0
1752497153.8139908,1741,166.484375,0.0,0
1752497153.8139908,1742,170.578125,0.0,0
1752497153.8139908,1743,166.1875,0.0,0
1752497153.8139908,1744,171.109375,0.0,0
1752497153.8139908,1745,170.640625,0.0,0
1752497153.8139908,1746,165.921875,0.0,0
1752497154.905514,1738,28.6875,0.0,0
1752497154.905514,1739,166.5625,0.0,0
1752497154.905514,1740,167.1875,0.0,0
1752497154.905514,1741,166.484375,0.0,0
1752497154.905514,1742,170.578125,0.0,0
1752497154.905514,1743,166.1875,0.0,0
1752497154.905514,1744,171.109375,0.0,0
1752497154.905514,1745,170.71875,0.0,0
1752497154.905514,1746,165.921875,0.0,0
1752497155.983113,1738,28.6875,0.0,0
1752497155.983113,1739,166.5625,0.0,0
1752497155.983113,1740,167.1875,0.0,0
1752497155.983113,1741,166.484375,0.0,0
1752497155.983113,1742,170.578125,0.0,0
1752497155.983113,1743,166.1875,0.0,0
1752497155.983113,1744,171.140625,0.0,0
1752497155.983113,1745,170.8125,0.0,0
1752497155.983113,1746,165.921875,0.0,0
1752497157.067158,1738,28.6875,0.0,0
1752497157.067158,1739,166.5625,0.0,0
1752497157.067158,1740,167.1875,0.0,0
1752497157.067158,1741,166.484375,0.0,0
1752497157.067158,1742,170.578125,0.0,0
1752497157.067158,1743,166.1875,0.0,0
1752497157.067158,1744,171.15625,0.0,0
1752497157.067158,1745,170.84375,0.0,0
1752497157.067158,1746,165.921875,0.0,0
1752497158.158269,1738,28.6875,0.0,0
1752497158.158269,1739,166.5625,0.0,0
1752497158.158269,1740,167.1875,0.0,0
1752497158.158269,1741,166.484375,0.0,0
1752497158.158269,1742,170.578125,0.0,0
1752497158.158269,1743,166.1875,0.0,0
1752497158.158269,1744,171.15625,0.0,0
1752497158.158269,1745,170.859375,0.0,0
1752497158.158269,1746,165.921875,0.0,0
1752497159.2488499,1738,28.6875,0.0,0
1752497159.2488499,1739,166.5625,0.0,0
1752497159.2488499,1740,167.1875,0.0,0
1752497159.2488499,1741,166.484375,0.0,0
1752497159.2488499,1742,170.578125,0.0,0
1752497159.2488499,1743,166.1875,0.0,0
1752497159.2488499,1744,171.15625,0.0,0
1752497159.2488499,1745,170.90625,0.0,0
1752497159.2488499,1746,165.921875,0.0,0
1752497160.342186,1738,28.6875,0.0,0
1752497160.342186,1739,166.5625,0.0,0
1752497160.342186,1740,167.1875,0.0,0
1752497160.342186,1741,166.484375,0.0,0
1752497160.342186,1742,170.578125,0.0,0
1752497160.342186,1743,166.1875,0.0,0
1752497160.342186,1744,171.15625,0.0,0
1752497160.342186,1745,170.90625,0.0,0
1752497160.342186,1746,165.921875,0.0,0
1752497161.4303071,1738,28.6875,0.0,0
1752497161.4303071,1739,166.5625,0.0,0
1752497161.4303071,1740,167.1875,0.0,0
1752497161.4303071,1741,166.484375,0.0,0
1752497161.4303071,1742,170.578125,0.0,0
1752497161.4303071,1743,166.1875,0.0,0
1752497161.4303071,1744,171.15625,0.0,0
1752497161.4303071,1745,170.921875,0.0,0
1752497161.4303071,1746,165.921875,0.0,0
1752497162.509002,1738,28.6875,0.0,0
1752497162.509002,1739,166.5625,0.0,0
1752497162.509002,1740,167.1875,0.0,0
1752497162.509002,1741,166.484375,0.0,0
1752497162.509002,1742,170.578125,0.0,0
1752497162.509002,1743,166.1875,0.0,0
1752497162.509002,1744,171.1875,0.0,0
1752497162.509002,1745,170.96875,0.0,0
1752497162.509002,1746,165.921875,0.0,0
1752497163.5976052,1738,28.6875,0.0,0
1752497163.5976052,1739,166.5625,0.0,0
1752497163.5976052,1740,167.1875,0.0,0
1752497163.5976052,1741,166.484375,0.0,0
1752497163.5976052,1742,170.578125,0.0,0
1752497163.5976052,1743,166.1875,0.0,0
1752497163.5976052,1744,171.1875,0.0,0
1752497163.5976052,1745,170.96875,0.0,0
1752497163.5976052,1746,165.921875,0.0,0
1752497164.688863,1738,28.6875,0.0,0
1752497164.688863,1739,166.5625,0.0,0
1752497164.688863,1740,167.1875,0.0,0
1752497164.688863,1741,166.484375,0.0,0
1752497164.688863,1742,170.578125,0.0,0
1752497164.688863,1743,166.1875,0.0,0
1752497164.688863,1744,171.1875,0.0,0
1752497164.688863,1745,170.96875,0.0,0
1752497164.688863,1746,165.921875,0.0,0
1752497165.7829068,1738,28.6875,0.0,0
1752497165.7829068,1739,166.5625,0.0,0
1752497165.7829068,1740,167.1875,0.0,0
1752497165.7829068,1741,166.484375,0.0,0
1752497165.7829068,1742,170.578125,0.0,0
1752497165.7829068,1743,166.1875,0.0,0
1752497165.7829068,1744,171.1875,0.0,0
1752497165.7829068,1745,170.96875,0.0,0
1752497165.7829068,1746,165.921875,0.0,0
1752497166.878633,1738,28.6875,0.0,0
1752497166.878633,1739,166.5625,0.0,0
1752497166.878633,1740,167.1875,0.0,0
1752497166.878633,1741,166.484375,0.0,0
1752497166.878633,1742,170.578125,0.0,0
1752497166.878633,1743,166.1875,0.0,0
1752497166.878633,1744,171.1875,0.0,0
1752497166.878633,1745,170.96875,0.0,0
1752497166.878633,1746,165.921875,0.0,0
1752497167.9721081,1738,28.6875,0.0,0
1752497167.9721081,1739,166.5625,0.0,0
1752497167.9721081,1740,167.1875,0.0,0
1752497167.9721081,1741,166.484375,0.0,0
1752497167.9721081,1742,170.578125,0.0,0
1752497167.9721081,1743,166.1875,0.0,0
1752497167.9721081,1744,171.1875,0.0,0
1752497167.9721081,1745,170.96875,0.0,0
1752497167.9721081,1746,165.921875,0.0,0
1752497169.0678248,1738,28.6875,0.0,0
1752497169.0678248,1739,166.5625,0.0,0
1752497169.0678248,1740,167.1875,0.0,0
1752497169.0678248,1741,166.484375,0.0,0
1752497169.0678248,1742,170.578125,0.0,0
1752497169.0678248,1743,166.1875,0.0,0
1752497169.0678248,1744,171.1875,0.0,0
1752497169.0678248,1745,170.96875,0.0,0
1752497169.0678248,1746,165.921875,0.0,0
1752497170.159263,1738,28.6875,0.0,0
1752497170.159263,1739,166.5625,0.0,0
1752497170.159263,1740,167.1875,0.0,0
1752497170.159263,1741,166.484375,0.0,0
1752497170.159263,1742,170.578125,0.0,0
1752497170.159263,1743,166.1875,0.0,0
1752497170.159263,1744,171.1875,0.0,0
1752497170.159263,1745,170.96875,0.0,0
1752497170.159263,1746,165.921875,0.0,0
1752497171.248678,1738,28.6875,0.0,0
1752497171.248678,1739,166.5625,0.0,0
1752497171.248678,1740,167.1875,0.0,0
1752497171.248678,1741,169.796875,0.0,0
1752497171.248678,1742,170.578125,0.0,0
1752497171.248678,1743,166.1875,0.0,0
1752497171.248678,1744,171.1875,0.0,0
1752497171.248678,1745,170.96875,0.0,0
1752497171.248678,1746,169.40625,0.0,0
1752497172.337276,1738,28.6875,0.0,0
1752497172.337276,1739,166.5625,0.0,0
1752497172.337276,1740,167.1875,0.0,0
1752497172.337276,1741,169.796875,0.0,0
1752497172.337276,1742,170.578125,0.0,0
1752497172.337276,1743,166.1875,0.0,0
1752497172.337276,1744,171.1875,0.0,0
1752497172.337276,1745,170.96875,0.0,0
1752497172.337276,1746,169.40625,0.0,0
1752497173.4308639,1738,28.6875,0.0,0
1752497173.4308639,1739,166.5625,0.0,0
1752497173.4308639,1740,167.1875,0.0,0
1752497173.4308639,1741,169.796875,0.0,0
1752497173.4308639,1742,170.578125,0.0,0
1752497173.4308639,1743,166.1875,0.0,0
1752497173.4308639,1744,171.1875,0.0,0
1752497173.4308639,1745,170.96875,0.0,0
1752497173.4308639,1746,169.40625,0.0,0
1752497174.525938,1738,28.6875,0.0,0
1752497174.525938,1739,166.5625,0.0,0
1752497174.525938,1740,167.1875,0.0,0
1752497174.525938,1741,169.796875,0.0,0
1752497174.525938,1742,170.578125,0.0,0
1752497174.525938,1743,166.1875,0.0,0
1752497174.525938,1744,171.1875,0.0,0
1752497174.525938,1745,170.96875,0.0,0
1752497174.525938,1746,169.40625,0.0,0
1752497175.61847,1738,28.6875,0.0,0
1752497175.61847,1739,166.5625,0.0,0
1752497175.61847,1740,167.1875,0.0,0
1752497175.61847,1741,169.796875,0.0,0
1752497175.61847,1742,170.578125,0.0,0
1752497175.61847,1743,166.1875,0.0,0
1752497175.61847,1744,171.1875,0.0,0
1752497175.61847,1745,170.96875,0.0,0
1752497175.61847,1746,169.40625,0.0,0
1752497176.713645,1738,28.6875,0.0,0
1752497176.713645,1739,166.5625,0.0,0
1752497176.713645,1740,167.1875,0.0,0
1752497176.713645,1741,169.796875,0.0,0
1752497176.713645,1742,170.578125,0.0,0
1752497176.713645,1743,166.1875,0.0,0
1752497176.713645,1744,171.1875,0.0,0
1752497176.713645,1745,170.96875,0.0,0
1752497176.713645,1746,169.40625,0.0,0
1752497177.810194,1738,28.6875,0.0,0
1752497177.810194,1739,166.5625,0.0,0
1752497177.810194,1740,167.1875,0.0,0
1752497177.810194,1741,169.796875,0.0,0
1752497177.810194,1742,170.578125,0.0,0
1752497177.810194,1743,166.1875,0.0,0
1752497177.810194,1744,171.1875,0.0,0
1752497177.810194,1745,170.96875,0.0,0
1752497177.810194,1746,169.40625,0.0,0
1752497178.900897,1738,28.6875,0.0,0
1752497178.900897,1739,166.5625,0.0,0
1752497178.900897,1740,167.1875,0.0,0
1752497178.900897,1741,170.078125,0.0,0
1752497178.900897,1742,170.578125,0.0,0
1752497178.900897,1743,166.1875,0.0,0
1752497178.900897,1744,171.1875,0.0,0
1752497178.900897,1745,170.96875,0.0,0
1752497178.900897,1746,169.59375,0.0,0
1752497179.995543,1738,28.6875,0.0,0
1752497179.995543,1739,166.5625,0.0,0
1752497179.995543,1740,167.1875,0.0,0
1752497179.995543,1741,170.125,0.0,0
1752497179.995543,1742,170.578125,0.0,0
1752497179.995543,1743,166.1875,0.0,0
1752497179.995543,1744,171.1875,0.0,0
1752497179.995543,1745,170.96875,0.0,0
1752497179.995543,1746,169.828125,0.0,0
1752497181.055149,1738,28.6875,0.0,0
1752497181.055149,1739,166.5625,0.0,0
1752497181.055149,1740,167.1875,0.0,0
1752497181.055149,1741,170.25,0.0,0
1752497181.055149,1742,170.578125,0.0,0
1752497181.055149,1743,166.1875,0.0,0
1752497181.055149,1744,171.1875,0.0,0
1752497181.055149,1745,170.96875,0.0,0
1752497181.055149,1746,169.984375,0.0,0
1752497182.134197,1738,28.6875,0.0,0
1752497182.134197,1739,166.5625,0.0,0
1752497182.134197,1740,167.1875,0.0,0
1752497182.134197,1741,170.265625,0.0,0
1752497182.134197,1742,170.578125,0.0,0
1752497182.134197,1743,166.1875,0.0,0
1752497182.134197,1744,171.1875,0.0,0
1752497182.134197,1745,170.96875,0.0,0
1752497182.134197,1746,170.0,0.0,0
1752497183.23024,1738,28.6875,0.0,0
1752497183.23024,1739,166.5625,0.0,0
1752497183.23024,1740,167.1875,0.0,0
1752497183.23024,1741,170.265625,0.0,0
1752497183.23024,1742,170.578125,0.0,0
1752497183.23024,1743,166.1875,0.0,0
1752497183.23024,1744,171.1875,0.0,0
1752497183.23024,1745,170.96875,0.0,0
1752497183.23024,1746,170.015625,0.0,0
1752497184.323352,1738,28.6875,0.0,10
1752497184.323352,1739,166.5625,0.0,10
1752497184.323352,1740,167.1875,0.0,10
1752497184.323352,1741,170.265625,0.0,10
1752497184.323352,1742,170.578125,0.0,10
1752497184.323352,1743,166.1875,0.0,10
1752497184.323352,1744,171.1875,0.0,10
1752497184.323352,1745,170.96875,0.0,10
1752497184.323352,1746,170.015625,0.0,10
1752497185.418002,1738,28.6875,0.0,0
1752497185.418002,1739,166.5625,0.0,0
1752497185.418002,1740,167.1875,0.0,0
1752497185.418002,1741,170.453125,0.0,0
1752497185.418002,1742,170.59375,0.0,0
1752497185.418002,1743,166.1875,0.0,0
1752497185.418002,1744,171.234375,0.0,0
1752497185.418002,1745,170.96875,0.0,0
1752497185.418002,1746,170.09375,0.0,0
1752497186.513129,1738,28.6875,0.0,0
1752497186.513129,1739,166.5625,0.0,0
1752497186.513129,1740,167.1875,0.0,0
1752497186.513129,1741,170.453125,0.0,0
1752497186.513129,1742,170.59375,0.0,0
1752497186.513129,1743,166.1875,0.0,0
1752497186.513129,1744,171.3125,0.0,0
1752497186.513129,1745,171.078125,0.0,0
1752497186.513129,1746,170.140625,0.0,0
1752497187.610272,1738,28.6875,0.0,0
1752497187.610272,1739,166.5625,0.0,0
1752497187.610272,1740,167.1875,0.0,0
1752497187.610272,1741,170.53125,0.0,0
1752497187.610272,1742,170.59375,0.0,0
1752497187.610272,1743,166.1875,0.0,0
1752497187.610272,1744,171.3125,0.0,0
1752497187.610272,1745,171.078125,0.0,0
1752497187.610272,1746,170.140625,0.0,0
1752497188.69201,1738,28.6875,0.0,0
1752497188.69201,1739,166.5625,0.0,0
1752497188.69201,1740,167.1875,0.0,0
1752497188.69201,1741,170.546875,0.0,0
1752497188.69201,1742,170.609375,0.0,0
1752497188.69201,1743,166.1875,0.0,0
1752497188.69201,1744,171.3125,0.0,0
1752497188.69201,1745,171.078125,0.0,0
1752497188.69201,1746,170.15625,0.0,0
1752497189.787524,1738,28.6875,0.0,0
1752497189.787524,1739,166.5625,0.0,0
1752497189.787524,1740,167.1875,0.0,0
1752497189.787524,1741,170.546875,0.0,0
1752497189.787524,1742,170.625,0.0,0
1752497189.787524,1743,166.1875,0.0,0
1752497189.787524,1744,171.3125,0.0,0
1752497189.787524,1745,171.078125,0.0,0
1752497189.787524,1746,170.171875,0.0,0
1752497190.877513,1738,28.6875,0.0,0
1752497190.877513,1739,166.5625,0.0,0
1752497190.877513,1740,167.1875,0.0,0
1752497190.877513,1741,170.546875,0.0,0
1752497190.877513,1742,170.625,0.0,0
1752497190.877513,1743,166.1875,0.0,0
1752497190.877513,1744,171.3125,0.0,0
1752497190.877513,1745,171.078125,0.0,0
1752497190.877513,1746,170.171875,0.0,0
1752497191.972666,1738,28.6875,0.0,0
1752497191.972666,1739,166.5625,0.0,0
1752497191.972666,1740,167.1875,0.0,0
1752497191.972666,1741,170.546875,0.0,0
1752497191.972666,1742,170.625,0.0,0
1752497191.972666,1743,166.1875,0.0,0
1752497191.972666,1744,171.3125,0.0,0
1752497191.972666,1745,171.078125,0.0,0
1752497191.972666,1746,170.171875,0.0,0
1752497193.0684412,1738,28.6875,0.0,0
1752497193.0684412,1739,166.5625,0.0,0
1752497193.0684412,1740,167.1875,0.0,0
1752497193.0684412,1741,170.546875,0.0,0
1752497193.0684412,1742,170.625,0.0,0
1752497193.0684412,1743,166.1875,0.0,0
1752497193.0684412,1744,171.3125,0.0,0
1752497193.0684412,1745,171.078125,0.0,0
1752497193.0684412,1746,170.171875,0.0,0
1752497194.156134,1738,28.6875,0.0,0
1752497194.156134,1739,166.5625,0.0,0
1752497194.156134,1740,167.1875,0.0,0
1752497194.156134,1741,170.546875,0.0,0
1752497194.156134,1742,170.625,0.0,0
1752497194.156134,1743,166.1875,0.0,0
1752497194.156134,1744,171.3125,0.0,0
1752497194.156134,1745,171.078125,0.0,0
1752497194.156134,1746,170.171875,0.0,0
1752497195.243885,1738,28.6875,0.0,0
1752497195.243885,1739,166.5625,0.0,0
1752497195.243885,1740,167.1875,0.0,0
1752497195.243885,1741,170.546875,0.0,0
1752497195.243885,1742,170.625,0.0,0
1752497195.243885,1743,166.1875,0.0,0
1752497195.243885,1744,171.3125,0.0,0
1752497195.243885,1745,171.078125,0.0,0
1752497195.243885,1746,170.171875,0.0,0
1752497196.3355038,1738,28.6875,0.0,0
1752497196.3355038,1739,166.5625,0.0,0
1752497196.3355038,1740,167.1875,0.0,0
1752497196.3355038,1741,170.546875,0.0,0
1752497196.3355038,1742,170.625,0.0,0
1752497196.3355038,1743,166.1875,0.0,0
1752497196.3355038,1744,171.3125,0.0,0
1752497196.3355038,1745,171.078125,0.0,0
1752497196.3355038,1746,170.171875,0.0,0
1752497197.419725,1738,28.6875,0.0,0
1752497197.419725,1739,170.125,0.0,0
1752497197.419725,1740,167.1875,0.0,0
1752497197.419725,1741,170.546875,0.0,0
1752497197.419725,1742,170.625,0.0,0
1752497197.419725,1743,169.75,0.0,0
1752497197.419725,1744,171.328125,0.0,0
1752497197.419725,1745,171.09375,0.0,0
1752497197.419725,1746,170.171875,0.0,0
1752497198.509639,1738,28.6875,0.0,0
1752497198.509639,1739,170.234375,0.0,0
1752497198.509639,1740,167.1875,0.0,0
1752497198.509639,1741,170.546875,0.0,0
1752497198.509639,1742,170.625,0.0,0
1752497198.509639,1743,169.84375,0.0,0
1752497198.509639,1744,171.328125,0.0,0
1752497198.509639,1745,171.125,0.0,0
1752497198.509639,1746,170.3125,0.0,0
1752497199.582807,1738,28.6875,0.0,0
1752497199.582807,1739,170.328125,0.0,0
1752497199.582807,1740,167.1875,0.0,0
1752497199.582807,1741,170.546875,0.0,0
1752497199.582807,1742,170.625,0.0,0
1752497199.582807,1743,169.984375,0.0,0
1752497199.582807,1744,171.34375,0.0,0
1752497199.582807,1745,171.140625,0.0,0
1752497199.582807,1746,170.328125,0.0,0
1752497200.658379,1738,28.6875,0.0,0
1752497200.658379,1739,170.34375,0.0,0
1752497200.658379,1740,167.1875,0.0,0
1752497200.658379,1741,170.546875,0.0,0
1752497200.658379,1742,170.625,0.0,0
1752497200.658379,1743,170.0,0.0,0
1752497200.658379,1744,171.34375,0.0,0
1752497200.658379,1745,171.140625,0.0,0
1752497200.658379,1746,170.34375,0.0,0
1752497201.745597,1738,28.6875,0.0,0
1752497201.745597,1739,170.359375,0.0,0
1752497201.745597,1740,167.1875,0.0,0
1752497201.745597,1741,170.546875,0.0,0
1752497201.745597,1742,170.625,0.0,0
1752497201.745597,1743,170.0,0.0,0
1752497201.745597,1744,171.34375,0.0,0
1752497201.745597,1745,171.140625,0.0,0
1752497201.745597,1746,170.34375,0.0,0
1752497202.833409,1738,28.6875,0.0,0
1752497202.833409,1739,170.359375,0.0,0
1752497202.833409,1740,167.1875,0.0,0
1752497202.833409,1741,170.546875,0.0,0
1752497202.833409,1742,170.625,0.0,0
1752497202.833409,1743,170.0,0.0,0
1752497202.833409,1744,171.34375,0.0,0
1752497202.833409,1745,171.140625,0.0,0
1752497202.833409,1746,170.34375,0.0,0
1752497203.930387,1738,28.6875,0.0,0
1752497203.930387,1739,170.359375,0.0,0
1752497203.930387,1740,167.1875,0.0,0
1752497203.930387,1741,170.546875,0.0,0
1752497203.930387,1742,170.625,0.0,0
1752497203.930387,1743,170.0,0.0,0
1752497203.930387,1744,171.34375,0.0,0
1752497203.930387,1745,171.140625,0.0,0
1752497203.930387,1746,170.34375,0.0,0
1752497205.021024,1738,28.6875,0.0,0
1752497205.021024,1739,170.359375,0.0,0
1752497205.021024,1740,167.1875,0.0,0
1752497205.021024,1741,170.546875,0.0,0
1752497205.021024,1742,170.625,0.0,0
1752497205.021024,1743,170.0,0.0,0
1752497205.021024,1744,171.34375,0.0,0
1752497205.021024,1745,171.140625,0.0,0
1752497205.021024,1746,170.34375,0.0,0
1752497206.0934458,1738,28.6875,0.0,0
1752497206.0934458,1739,170.359375,0.0,0
1752497206.0934458,1740,167.1875,0.0,0
1752497206.0934458,1741,170.546875,0.0,0
1752497206.0934458,1742,170.625,0.0,0
1752497206.0934458,1743,170.0,0.0,0
1752497206.0934458,1744,171.34375,0.0,0
1752497206.0934458,1745,171.140625,0.0,0
1752497206.0934458,1746,170.34375,0.0,0
1752497207.1899781,1738,28.6875,0.0,0
1752497207.1899781,1739,170.359375,0.0,0
1752497207.1899781,1740,167.1875,0.0,0
1752497207.1899781,1741,170.546875,0.0,0
1752497207.1899781,1742,170.625,0.0,0
1752497207.1899781,1743,170.0,0.0,0
1752497207.1899781,1744,171.34375,0.0,0
1752497207.1899781,1745,171.140625,0.0,0
1752497207.1899781,1746,170.34375,0.0,0
1752497208.2866712,1738,28.6875,0.0,0
1752497208.2866712,1739,170.359375,0.0,0
1752497208.2866712,1740,167.1875,0.0,0
1752497208.2866712,1741,170.546875,0.0,0
1752497208.2866712,1742,170.625,0.0,0
1752497208.2866712,1743,170.0,0.0,0
1752497208.2866712,1744,171.34375,0.0,0
1752497208.2866712,1745,171.140625,0.0,0
1752497208.2866712,1746,170.34375,0.0,0
1752497209.382688,1738,28.6875,0.0,0
1752497209.382688,1739,170.359375,0.0,0
1752497209.382688,1740,167.1875,0.0,0
1752497209.382688,1741,170.546875,0.0,0
1752497209.382688,1742,170.625,0.0,0
1752497209.382688,1743,170.0,0.0,0
1752497209.382688,1744,171.375,0.0,0
1752497209.382688,1745,171.15625,0.0,0
1752497209.382688,1746,170.40625,0.0,0
1752497210.482434,1738,28.6875,0.0,0
1752497210.482434,1739,170.359375,0.0,0
1752497210.482434,1740,167.1875,0.0,0
1752497210.482434,1741,170.546875,0.0,0
1752497210.482434,1742,170.625,0.0,0
1752497210.482434,1743,170.0,0.0,0
1752497210.482434,1744,171.375,0.0,0
1752497210.482434,1745,171.15625,0.0,0
1752497210.482434,1746,170.5625,0.0,0
1752497211.568025,1738,28.6875,0.0,0
1752497211.568025,1739,170.359375,0.0,0
1752497211.568025,1740,167.1875,0.0,0
1752497211.568025,1741,170.546875,0.0,0
1752497211.568025,1742,170.625,0.0,0
1752497211.568025,1743,170.0,0.0,0
1752497211.568025,1744,171.375,0.0,0
1752497211.568025,1745,171.171875,0.0,0
1752497211.568025,1746,170.5625,0.0,0
1752497212.6598752,1738,28.6875,0.0,0
1752497212.6598752,1739,170.359375,0.0,0
1752497212.6598752,1740,167.1875,0.0,0
1752497212.6598752,1741,170.546875,0.0,0
1752497212.6598752,1742,170.625,0.0,0
1752497212.6598752,1743,170.0,0.0,0
1752497212.6598752,1744,171.375,0.0,0
1752497212.6598752,1745,171.203125,0.0,0
1752497212.6598752,1746,170.5625,0.0,0
1752497213.750104,1738,28.6875,0.0,0
1752497213.750104,1739,170.359375,0.0,0
1752497213.750104,1740,167.1875,0.0,0
1752497213.750104,1741,170.546875,0.0,0
1752497213.750104,1742,170.625,0.0,0
1752497213.750104,1743,170.0,0.0,0
1752497213.750104,1744,171.375,0.0,0
1752497213.750104,1745,171.203125,0.0,0
1752497213.750104,1746,170.578125,0.0,0
1752497214.839253,1738,28.6875,0.0,0
1752497214.839253,1739,170.359375,0.0,0
1752497214.839253,1740,167.1875,0.0,0
1752497214.839253,1741,170.546875,0.0,0
1752497214.839253,1742,170.625,0.0,0
1752497214.839253,1743,170.0,0.0,0
1752497214.839253,1744,171.375,0.0,0
1752497214.839253,1745,171.21875,0.0,0
1752497214.839253,1746,170.625,0.0,0
1752497215.924352,1738,28.6875,0.0,0
1752497215.924352,1739,170.359375,0.0,0
1752497215.924352,1740,167.1875,0.0,0
1752497215.924352,1741,170.546875,0.0,0
1752497215.924352,1742,170.625,0.0,0
1752497215.924352,1743,170.0,0.0,0
1752497215.924352,1744,171.375,0.0,0
1752497215.924352,1745,171.21875,0.0,0
1752497215.924352,1746,170.625,0.0,0
1752497217.014227,1738,28.6875,0.0,20
1752497217.014227,1739,170.359375,0.0,20
1752497217.014227,1740,167.1875,0.0,20
1752497217.014227,1741,170.546875,0.0,20
1752497217.014227,1742,170.625,0.0,20
1752497217.014227,1743,170.0,0.0,20
1752497217.014227,1744,171.375,0.0,20
1752497217.014227,1745,171.21875,0.0,20
1752497217.014227,1746,170.625,0.0,20
1752497218.116116,1738,28.6875,0.0,0
1752497218.116116,1739,170.359375,0.0,0
1752497218.116116,1740,170.625,0.0,0
1752497218.116116,1741,170.578125,0.0,0
1752497218.116116,1742,170.640625,0.0,0
1752497218.116116,1743,170.0625,0.0,0
1752497218.116116,1744,171.375,0.0,0
1752497218.116116,1745,171.21875,0.0,0
1752497218.116116,1746,170.640625,0.0,0
1752497219.199083,1738,28.6875,0.0,0
1752497219.199083,1739,170.359375,0.0,0
1752497219.199083,1740,170.671875,0.0,0
1752497219.199083,1741,170.578125,0.0,0
1752497219.199083,1742,170.65625,0.0,0
1752497219.199083,1743,170.203125,0.0,0
1752497219.199083,1744,171.40625,0.0,0
1752497219.199083,1745,171.21875,0.0,0
1752497219.199083,1746,170.796875,0.0,0
1752497220.292099,1738,28.6875,0.0,0
1752497220.292099,1739,170.359375,0.0,0
1752497220.292099,1740,170.671875,0.0,0
1752497220.292099,1741,170.578125,0.0,0
1752497220.292099,1742,170.671875,0.0,0
1752497220.292099,1743,170.203125,0.0,0
1752497220.292099,1744,171.40625,0.0,0
1752497220.292099,1745,171.21875,0.0,0
1752497220.292099,1746,170.84375,0.0,0
1752497221.3815491,1738,28.6875,0.0,0
1752497221.3815491,1739,170.359375,0.0,0
1752497221.3815491,1740,170.71875,0.0,0
1752497221.3815491,1741,170.59375,0.0,0
1752497221.3815491,1742,170.6875,0.0,0
1752497221.3815491,1743,170.21875,0.0,0
1752497221.3815491,1744,171.40625,0.0,0
1752497221.3815491,1745,171.234375,0.0,0
1752497221.3815491,1746,170.921875,0.0,0
1752497222.474554,1738,28.6875,0.0,0
1752497222.474554,1739,170.359375,0.0,0
1752497222.474554,1740,170.71875,0.0,0
1752497222.474554,1741,170.59375,0.0,0
1752497222.474554,1742,170.6875,0.0,0
1752497222.474554,1743,170.21875,0.0,0
1752497222.474554,1744,171.40625,0.0,0
1752497222.474554,1745,171.234375,0.0,0
1752497222.474554,1746,170.921875,0.0,0
1752497223.562855,1738,28.6875,0.0,0
1752497223.562855,1739,170.359375,0.0,0
1752497223.562855,1740,170.71875,0.0,0
1752497223.562855,1741,170.59375,0.0,0
1752497223.562855,1742,170.6875,0.0,0
1752497223.562855,1743,170.21875,0.0,0
1752497223.562855,1744,171.40625,0.0,0
1752497223.562855,1745,171.234375,0.0,0
1752497223.562855,1746,170.921875,0.0,0
1752497224.640321,1738,28.6875,0.0,0
1752497224.640321,1739,170.359375,0.0,0
1752497224.640321,1740,170.71875,0.0,0
1752497224.640321,1741,170.59375,0.0,0
1752497224.640321,1742,170.6875,0.0,0
1752497224.640321,1743,170.21875,0.0,0
1752497224.640321,1744,171.40625,0.0,0
1752497224.640321,1745,171.234375,0.0,0
1752497224.640321,1746,170.921875,0.0,0
1752497225.71789,1738,28.6875,0.0,0
1752497225.71789,1739,170.359375,0.0,0
1752497225.71789,1740,170.71875,0.0,0
1752497225.71789,1741,170.59375,0.0,0
1752497225.71789,1742,170.6875,0.0,0
1752497225.71789,1743,170.21875,0.0,0
1752497225.71789,1744,171.40625,0.0,0
1752497225.71789,1745,171.234375,0.0,0
1752497225.71789,1746,170.921875,0.0,0
1752497226.828554,1738,28.6875,0.0,0
1752497226.828554,1739,170.359375,0.0,0
1752497226.828554,1740,170.71875,0.0,0
1752497226.828554,1741,170.59375,0.0,0
1752497226.828554,1742,170.6875,0.0,0
1752497226.828554,1743,170.21875,0.0,0
1752497226.828554,1744,171.40625,0.0,0
1752497226.828554,1745,171.234375,0.0,0
1752497226.828554,1746,170.921875,0.0,0
1752497227.921557,1738,28.6875,0.0,0
1752497227.921557,1739,170.359375,0.0,0
1752497227.921557,1740,170.71875,0.0,0
1752497227.921557,1741,170.59375,0.0,0
1752497227.921557,1742,170.6875,0.0,0
1752497227.921557,1743,170.21875,0.0,0
1752497227.921557,1744,171.40625,0.0,0
1752497227.921557,1745,171.234375,0.0,0
1752497227.921557,1746,170.921875,0.0,0
1752497229.017201,1738,28.6875,0.0,0
1752497229.017201,1739,170.359375,0.0,0
1752497229.017201,1740,170.71875,0.0,0
1752497229.017201,1741,170.59375,0.0,0
1752497229.017201,1742,170.6875,0.0,0
1752497229.017201,1743,170.21875,0.0,0
1752497229.017201,1744,171.40625,0.0,0
1752497229.017201,1745,171.234375,0.0,0
1752497229.017201,1746,170.921875,0.0,0
1752497230.111613,1738,28.6875,0.0,0
1752497230.111613,1739,170.359375,0.0,0
1752497230.111613,1740,170.71875,0.0,0
1752497230.111613,1741,170.59375,0.0,0
1752497230.111613,1742,170.6875,0.0,0
1752497230.111613,1743,170.21875,0.0,0
1752497230.111613,1744,171.40625,0.0,0
1752497230.111613,1745,171.234375,0.0,0
1752497230.111613,1746,170.921875,0.0,0
1752497231.1799219,1738,28.6875,0.0,0
1752497231.1799219,1739,170.359375,0.0,0
1752497231.1799219,1740,170.71875,0.0,0
1752497231.1799219,1741,170.59375,0.0,0
1752497231.1799219,1742,170.6875,0.0,0
1752497231.1799219,1743,170.21875,0.0,0
1752497231.1799219,1744,171.40625,0.0,0
1752497231.1799219,1745,171.234375,0.0,0
1752497231.1799219,1746,170.921875,0.0,0
1752497232.2755148,1738,28.6875,0.0,0
1752497232.2755148,1739,170.359375,0.0,0
1752497232.2755148,1740,170.71875,0.0,0
1752497232.2755148,1741,170.59375,0.0,0
1752497232.2755148,1742,170.6875,0.0,0
1752497232.2755148,1743,170.21875,0.0,0
1752497232.2755148,1744,171.40625,0.0,0
1752497232.2755148,1745,171.234375,0.0,0
1752497232.2755148,1746,170.921875,0.0,0
1752497233.3718321,1738,28.6875,0.0,0
1752497233.3718321,1739,170.359375,0.0,0
1752497233.3718321,1740,170.71875,0.0,0
1752497233.3718321,1741,170.59375,0.0,0
1752497233.3718321,1742,170.6875,0.0,0
1752497233.3718321,1743,170.21875,0.0,0
1752497233.3718321,1744,171.40625,0.0,0
1752497233.3718321,1745,171.234375,0.0,0
1752497233.3718321,1746,170.921875,0.0,0
1752497234.457623,1738,28.6875,0.0,0
1752497234.457623,1739,170.53125,0.0,0
1752497234.457623,1740,170.71875,0.0,0
1752497234.457623,1741,170.59375,0.0,0
1752497234.457623,1742,170.734375,0.0,0
1752497234.457623,1743,170.21875,0.0,0
1752497234.457623,1744,171.40625,0.0,0
1752497234.457623,1745,171.234375,0.0,0
1752497234.457623,1746,170.96875,0.0,0
1752497235.545144,1738,28.6875,0.0,0
1752497235.545144,1739,170.53125,0.0,0
1752497235.545144,1740,170.71875,0.0,0
1752497235.545144,1741,170.59375,0.0,0
1752497235.545144,1742,170.734375,0.0,0
1752497235.545144,1743,170.21875,0.0,0
1752497235.545144,1744,171.40625,0.0,0
1752497235.545144,1745,171.234375,0.0,0
1752497235.545144,1746,170.96875,0.0,0
1752497236.6347451,1738,28.6875,0.0,0
1752497236.6347451,1739,170.53125,0.0,0
1752497236.6347451,1740,170.71875,0.0,0
1752497236.6347451,1741,170.59375,0.0,0
1752497236.6347451,1742,170.734375,0.0,0
1752497236.6347451,1743,170.21875,0.0,0
1752497236.6347451,1744,171.40625,0.0,0
1752497236.6347451,1745,171.234375,0.0,0
1752497236.6347451,1746,170.96875,0.0,0
1752497237.7215,1738,28.6875,0.0,0
1752497237.7215,1739,170.53125,0.0,0
1752497237.7215,1740,170.71875,0.0,0
1752497237.7215,1741,170.59375,0.0,0
1752497237.7215,1742,170.734375,0.0,0
1752497237.7215,1743,170.21875,0.0,0
1752497237.7215,1744,171.40625,0.0,0
1752497237.7215,1745,171.234375,0.0,0
1752497237.7215,1746,170.96875,0.0,0
1752497238.81789,1738,28.6875,0.0,0
1752497238.81789,1739,170.53125,0.0,0
1752497238.81789,1740,170.71875,0.0,0
1752497238.81789,1741,170.59375,0.0,0
1752497238.81789,1742,170.734375,0.0,0
1752497238.81789,1743,170.21875,0.0,0
1752497238.81789,1744,171.40625,0.0,0
1752497238.81789,1745,171.234375,0.0,0
1752497238.81789,1746,170.96875,0.0,0
1752497239.905448,1738,28.6875,0.0,0
1752497239.905448,1739,170.53125,0.0,0
1752497239.905448,1740,170.71875,0.0,0
1752497239.905448,1741,170.59375,0.0,0
1752497239.905448,1742,170.734375,0.0,0
1752497239.905448,1743,170.21875,0.0,0
1752497239.905448,1744,171.40625,0.0,0
1752497239.905448,1745,171.234375,0.0,0
1752497239.905448,1746,170.96875,0.0,0
1752497240.991188,1738,28.6875,0.0,0
1752497240.991188,1739,170.53125,0.0,0
1752497240.991188,1740,170.71875,0.0,0
1752497240.991188,1741,170.59375,0.0,0
1752497240.991188,1742,170.734375,0.0,0
1752497240.991188,1743,170.21875,0.0,0
1752497240.991188,1744,171.40625,0.0,0
1752497240.991188,1745,171.234375,0.0,0
1752497240.991188,1746,170.96875,0.0,0
1752497242.08608,1738,28.6875,0.0,0
1752497242.08608,1739,170.53125,0.0,0
1752497242.08608,1740,170.71875,0.0,0
1752497242.08608,1741,170.59375,0.0,0
1752497242.08608,1742,170.734375,0.0,0
1752497242.08608,1743,170.21875,0.0,0
1752497242.08608,1744,171.40625,0.0,0
1752497242.08608,1745,171.234375,0.0,0
1752497242.08608,1746,171.015625,0.0,0
1752497243.180216,1738,28.6875,0.0,0
1752497243.180216,1739,170.53125,0.0,0
1752497243.180216,1740,170.71875,0.0,0
1752497243.180216,1741,170.59375,0.0,0
1752497243.180216,1742,170.734375,0.0,0
1752497243.180216,1743,170.21875,0.0,0
1752497243.180216,1744,171.40625,0.0,0
1752497243.180216,1745,171.234375,0.0,0
1752497243.180216,1746,171.015625,0.0,0
1752497244.246092,1738,28.6875,0.0,0
1752497244.246092,1739,170.53125,0.0,0
1752497244.246092,1740,170.78125,0.0,0
1752497244.246092,1741,170.59375,0.0,0
1752497244.246092,1742,170.8125,0.0,0
1752497244.246092,1743,170.21875,0.0,0
1752497244.246092,1744,171.40625,0.0,0
1752497244.246092,1745,171.265625,0.0,0
1752497244.246092,1746,171.015625,0.0,0
1752497245.3108978,1738,28.6875,0.0,0
1752497245.3108978,1739,170.53125,0.0,0
1752497245.3108978,1740,170.78125,0.0,0
1752497245.3108978,1741,170.59375,0.0,0
1752497245.3108978,1742,170.8125,0.0,0
1752497245.3108978,1743,170.21875,0.0,0
1752497245.3108978,1744,171.40625,0.0,0
1752497245.3108978,1745,171.265625,0.0,0
1752497245.3108978,1746,171.015625,0.0,0
1752497246.402317,1738,28.6875,0.0,0
1752497246.402317,1739,170.53125,0.0,0
1752497246.402317,1740,170.78125,0.0,0
1752497246.402317,1741,170.59375,0.0,0
1752497246.402317,1742,170.8125,0.0,0
1752497246.402317,1743,170.21875,0.0,0
1752497246.402317,1744,171.40625,0.0,0
1752497246.402317,1745,171.265625,0.0,0
1752497246.402317,1746,171.015625,0.0,0
1752497247.4895191,1738,28.6875,0.0,0
1752497247.4895191,1739,170.53125,0.0,0
1752497247.4895191,1740,170.78125,0.0,0
1752497247.4895191,1741,170.59375,0.0,0
1752497247.4895191,1742,170.8125,0.0,0
1752497247.4895191,1743,170.21875,0.0,0
1752497247.4895191,1744,171.40625,0.0,0
1752497247.4895191,1745,171.265625,0.0,0
1752497247.4895191,1746,171.015625,0.0,0
1752497248.5838459,1738,28.6875,0.0,0
1752497248.5838459,1739,170.53125,0.0,0
1752497248.5838459,1740,170.78125,0.0,0
1752497248.5838459,1741,170.59375,0.0,0
1752497248.5838459,1742,170.8125,0.0,0
1752497248.5838459,1743,170.21875,0.0,0
1752497248.5838459,1744,171.40625,0.0,0
1752497248.5838459,1745,171.265625,0.0,0
1752497248.5838459,1746,171.015625,0.0,0
1752497249.675715,1738,28.6875,0.0,0
1752497249.675715,1739,170.53125,0.0,0
1752497249.675715,1740,170.78125,0.0,0
1752497249.675715,1741,170.59375,0.0,0
1752497249.675715,1742,170.8125,0.0,0
1752497249.675715,1743,170.21875,0.0,0
1752497249.675715,1744,171.40625,0.0,0
1752497249.675715,1745,171.265625,0.0,0
1752497249.675715,1746,171.015625,0.0,0
1752497250.765694,1738,28.6875,0.0,0
1752497250.765694,1739,170.53125,0.0,0
1752497250.765694,1740,170.78125,0.0,0
1752497250.765694,1741,170.59375,0.0,0
1752497250.765694,1742,170.8125,0.0,0
1752497250.765694,1743,170.21875,0.0,0
1752497250.765694,1744,171.40625,0.0,0
1752497250.765694,1745,171.265625,0.0,0
1752497250.765694,1746,171.015625,0.0,0
1752497251.8569548,1738,28.6875,0.0,0
1752497251.8569548,1739,170.53125,0.0,0
1752497251.8569548,1740,170.78125,0.0,0
1752497251.8569548,1741,170.59375,0.0,0
1752497251.8569548,1742,170.8125,0.0,0
1752497251.8569548,1743,170.21875,0.0,0
1752497251.8569548,1744,171.40625,0.0,0
1752497251.8569548,1745,171.265625,0.0,0
1752497251.8569548,1746,171.015625,0.0,0
1752497252.948205,1738,28.6875,0.0,0
1752497252.948205,1739,170.53125,0.0,0
1752497252.948205,1740,170.78125,0.0,0
1752497252.948205,1741,170.59375,0.0,0
1752497252.948205,1742,170.8125,0.0,0
1752497252.948205,1743,170.21875,0.0,0
1752497252.948205,1744,171.40625,0.0,0
1752497252.948205,1745,171.265625,0.0,0
1752497252.948205,1746,171.015625,0.0,0
1752497254.032779,1738,28.6875,0.0,30
1752497254.032779,1739,170.53125,0.0,30
1752497254.032779,1740,170.78125,0.0,30
1752497254.032779,1741,170.59375,0.0,30
1752497254.032779,1742,170.8125,0.0,30
1752497254.032779,1743,170.21875,0.0,30
1752497254.032779,1744,171.40625,0.0,30
1752497254.032779,1745,171.265625,0.0,30
1752497254.032779,1746,171.015625,0.0,30
1752497255.115304,1738,28.6875,0.0,0
1752497255.115304,1739,170.578125,0.0,0
1752497255.115304,1740,170.78125,0.0,0
1752497255.115304,1741,170.625,0.0,0
1752497255.115304,1742,170.84375,0.0,0
1752497255.115304,1743,170.234375,0.0,0
1752497255.115304,1744,171.40625,0.0,0
1752497255.115304,1745,171.34375,0.0,0
1752497255.115304,1746,171.03125,0.0,0
1752497256.177258,1738,28.6875,0.0,0
1752497256.177258,1739,170.578125,0.0,0
1752497256.177258,1740,170.78125,0.0,0
1752497256.177258,1741,170.625,0.0,0
1752497256.177258,1742,170.84375,0.0,0
1752497256.177258,1743,170.265625,0.0,0
1752497256.177258,1744,171.421875,0.0,0
1752497256.177258,1745,171.4375,0.0,0
1752497256.177258,1746,171.03125,0.0,0
1752497257.2667148,1738,28.6875,0.0,0
1752497257.2667148,1739,170.578125,0.0,0
1752497257.2667148,1740,170.78125,0.0,0
1752497257.2667148,1741,170.78125,0.0,0
1752497257.2667148,1742,170.859375,0.0,0
1752497257.2667148,1743,170.296875,0.0,0
1752497257.2667148,1744,171.421875,0.0,0
1752497257.2667148,1745,171.515625,0.0,0
1752497257.2667148,1746,171.046875,0.0,0
1752497258.356374,1738,28.6875,0.0,0
1752497258.356374,1739,170.578125,0.0,0
1752497258.356374,1740,170.78125,0.0,0
1752497258.356374,1741,170.921875,0.0,0
1752497258.356374,1742,170.859375,0.0,0
1752497258.356374,1743,170.296875,0.0,0
1752497258.356374,1744,171.421875,0.0,0
1752497258.356374,1745,171.546875,0.0,0
1752497258.356374,1746,171.046875,0.0,0
1752497259.443886,1738,28.6875,0.0,0
1752497259.443886,1739,170.578125,0.0,0
1752497259.443886,1740,170.78125,0.0,0
1752497259.443886,1741,171.078125,0.0,0
1752497259.443886,1742,170.875,0.0,0
1752497259.443886,1743,170.296875,0.0,0
1752497259.443886,1744,171.4375,0.0,0
1752497259.443886,1745,171.5625,0.0,0
1752497259.443886,1746,171.109375,0.0,0
1752497260.528661,1738,28.6875,0.0,0
1752497260.528661,1739,170.609375,0.0,0
1752497260.528661,1740,170.8125,0.0,0
1752497260.528661,1741,171.171875,0.0,0
1752497260.528661,1742,170.875,0.0,0
1752497260.528661,1743,170.328125,0.0,0
1752497260.528661,1744,171.4375,0.0,0
1752497260.528661,1745,171.8125,0.0,0
1752497260.528661,1746,171.125,0.0,0
1752497261.617833,1738,28.6875,0.0,0
1752497261.617833,1739,170.609375,0.0,0
1752497261.617833,1740,170.8125,0.0,0
1752497261.617833,1741,171.171875,0.0,0
1752497261.617833,1742,170.875,0.0,0
1752497261.617833,1743,170.328125,0.0,0
1752497261.617833,1744,171.4375,0.0,0
1752497261.617833,1745,171.8125,0.0,0
1752497261.617833,1746,171.125,0.0,0
1752497262.708548,1738,28.6875,0.0,0
1752497262.708548,1739,170.609375,0.0,0
1752497262.708548,1740,170.8125,0.0,0
1752497262.708548,1741,171.171875,0.0,0
1752497262.708548,1742,170.875,0.0,0
1752497262.708548,1743,170.328125,0.0,0
1752497262.708548,1744,171.4375,0.0,0
1752497262.708548,1745,171.8125,0.0,0
1752497262.708548,1746,171.125,0.0,0
1752497263.797206,1738,28.6875,0.0,0
1752497263.797206,1739,170.609375,0.0,0
1752497263.797206,1740,170.8125,0.0,0
1752497263.797206,1741,171.171875,0.0,0
1752497263.797206,1742,170.875,0.0,0
1752497263.797206,1743,170.328125,0.0,0
1752497263.797206,1744,171.4375,0.0,0
1752497263.797206,1745,171.8125,0.0,0
1752497263.797206,1746,171.125,0.0,0
1752497264.887187,1738,28.6875,0.0,0
1752497264.887187,1739,170.609375,0.0,0
1752497264.887187,1740,170.8125,0.0,0
1752497264.887187,1741,171.171875,0.0,0
1752497264.887187,1742,170.875,0.0,0
1752497264.887187,1743,170.328125,0.0,0
1752497264.887187,1744,171.4375,0.0,0
1752497264.887187,1745,171.8125,0.0,0
1752497264.887187,1746,171.125,0.0,0
1752497265.9759989,1738,28.6875,0.0,0
1752497265.9759989,1739,170.609375,0.0,0
1752497265.9759989,1740,170.8125,0.0,0
1752497265.9759989,1741,171.171875,0.0,0
1752497265.9759989,1742,170.875,0.0,0
1752497265.9759989,1743,170.328125,0.0,0
1752497265.9759989,1744,171.4375,0.0,0
1752497265.9759989,1745,171.8125,0.0,0
1752497265.9759989,1746,171.125,0.0,0
1752497267.071129,1738,28.6875,0.0,0
1752497267.071129,1739,170.609375,0.0,0
1752497267.071129,1740,170.8125,0.0,0
1752497267.071129,1741,171.171875,0.0,0
1752497267.071129,1742,170.875,0.0,0
1752497267.071129,1743,170.328125,0.0,0
1752497267.071129,1744,171.4375,0.0,0
1752497267.071129,1745,171.8125,0.0,0
1752497267.071129,1746,171.125,0.0,0
1752497268.170235,1738,28.6875,0.0,0
1752497268.170235,1739,170.609375,0.0,0
1752497268.170235,1740,170.8125,0.0,0
1752497268.170235,1741,171.171875,0.0,0
1752497268.170235,1742,170.875,0.0,0
1752497268.170235,1743,170.328125,0.0,0
1752497268.170235,1744,171.4375,0.0,0
1752497268.170235,1745,171.8125,0.0,0
1752497268.170235,1746,171.125,0.0,0
1752497269.263829,1738,28.671875,0.0,0
1752497269.263829,1739,163.703125,0.0,0
1752497269.263829,1740,163.15625,0.0,0
1752497269.263829,1741,163.859375,0.0,0
1752497269.263829,1742,163.515625,0.0,0
1752497269.263829,1743,163.1875,0.0,0
1752497269.263829,1744,158.703125,0.0,0
1752497269.263829,1745,160.5,0.0,0
1752497269.263829,1746,158.265625,0.0,0
1752497270.349062,1738,28.671875,0.0,0
1752497270.349062,1739,163.703125,0.0,0
1752497270.349062,1740,163.171875,0.0,0
1752497270.349062,1741,163.875,0.0,0
1752497270.349062,1742,163.53125,0.0,0
1752497270.349062,1743,163.296875,0.0,0
1752497270.349062,1744,158.703125,0.0,0
1752497270.349062,1745,160.546875,0.0,0
1752497270.349062,1746,158.375,0.0,0
1752497271.4074051,1738,28.671875,0.0,0
1752497271.4074051,1739,163.703125,0.0,0
1752497271.4074051,1740,163.171875,0.0,0
1752497271.4074051,1741,163.953125,0.0,0
1752497271.4074051,1742,163.53125,0.0,0
1752497271.4074051,1743,163.3125,0.0,0
1752497271.4074051,1744,158.75,0.0,0
1752497271.4074051,1745,160.5625,0.0,0
1752497271.4074051,1746,158.421875,0.0,0
1752497272.501945,1738,28.671875,0.0,0
1752497272.501945,1739,163.703125,0.0,0
1752497272.501945,1740,163.171875,0.0,0
1752497272.501945,1741,163.953125,0.0,0
1752497272.501945,1742,163.53125,0.0,0
1752497272.501945,1743,163.328125,0.0,0
1752497272.501945,1744,158.765625,0.0,0
1752497272.501945,1745,160.578125,0.0,0
1752497272.501945,1746,158.4375,0.0,0
1752497273.592638,1738,28.671875,0.0,0
1752497273.592638,1739,163.703125,0.0,0
1752497273.592638,1740,163.171875,0.0,0
1752497273.592638,1741,164.125,0.0,0
1752497273.592638,1742,163.53125,0.0,0
1752497273.592638,1743,163.328125,0.0,0
1752497273.592638,1744,158.765625,0.0,0
1752497273.592638,1745,160.6875,0.0,0
1752497273.592638,1746,158.453125,0.0,0
1752497274.687131,1738,28.671875,0.0,0
1752497274.687131,1739,163.703125,0.0,0
1752497274.687131,1740,163.171875,0.0,0
1752497274.687131,1741,164.171875,0.0,0
1752497274.687131,1742,163.53125,0.0,0
1752497274.687131,1743,163.328125,0.0,0
1752497274.687131,1744,158.765625,0.0,0
1752497274.687131,1745,160.703125,0.0,0
1752497274.687131,1746,158.453125,0.0,0
1752497275.773392,1738,28.671875,0.0,0
1752497275.773392,1739,163.703125,0.0,0
1752497275.773392,1740,163.171875,0.0,0
1752497275.773392,1741,164.171875,0.0,0
1752497275.773392,1742,163.546875,0.0,0
1752497275.773392,1743,163.34375,0.0,0
1752497275.773392,1744,158.84375,0.0,0
1752497275.773392,1745,160.84375,0.0,0
1752497275.773392,1746,158.453125,0.0,0
1752497276.861853,1738,28.671875,0.0,0
1752497276.861853,1739,163.703125,0.0,0
1752497276.861853,1740,163.171875,0.0,0
1752497276.861853,1741,164.203125,0.0,0
1752497276.861853,1742,163.609375,0.0,0
1752497276.861853,1743,163.34375,0.0,0
1752497276.861853,1744,158.84375,0.0,0
1752497276.861853,1745,160.84375,0.0,0
1752497276.861853,1746,158.453125,0.0,0
1752497277.9503438,1738,28.671875,0.0,0
1752497277.9503438,1739,163.703125,0.0,0
1752497277.9503438,1740,163.171875,0.0,0
1752497277.9503438,1741,164.21875,0.0,0
1752497277.9503438,1742,163.6875,0.0,0
1752497277.9503438,1743,163.34375,0.0,0
1752497277.9503438,1744,158.859375,0.0,0
1752497277.9503438,1745,160.875,0.0,0
1752497277.9503438,1746,158.453125,0.0,0
1752497279.033272,1738,28.671875,0.0,0
1752497279.033272,1739,163.703125,0.0,0
1752497279.033272,1740,163.171875,0.0,0
1752497279.033272,1741,164.234375,0.0,0
1752497279.033272,1742,163.703125,0.0,0
1752497279.033272,1743,163.34375,0.0,0
1752497279.033272,1744,159.0,0.0,0
1752497279.033272,1745,160.890625,0.0,0
1752497279.033272,1746,158.46875,0.0,0
1752497280.119265,1738,28.671875,0.0,0
1752497280.119265,1739,163.46875,0.0,0
1752497280.119265,1740,162.84375,0.0,0
1752497280.119265,1741,164.015625,0.0,0
1752497280.119265,1742,163.328125,0.0,0
1752497280.119265,1743,162.953125,0.0,0
1752497280.119265,1744,158.609375,0.0,0
1752497280.119265,1745,160.484375,0.0,0
1752497280.119265,1746,157.875,0.0,0
1752497281.186972,1738,28.671875,0.0,0
1752497281.186972,1739,163.46875,0.0,0
1752497281.186972,1740,162.84375,0.0,0
1752497281.186972,1741,164.03125,0.0,0
1752497281.186972,1742,163.328125,0.0,0
1752497281.186972,1743,162.953125,0.0,0
1752497281.186972,1744,158.625,0.0,0
1752497281.186972,1745,160.484375,0.0,0
1752497281.186972,1746,157.875,0.0,0
1752497282.279357,1738,28.671875,0.0,0
1752497282.279357,1739,163.46875,0.0,0
1752497282.279357,1740,162.84375,0.0,0
1752497282.279357,1741,164.03125,0.0,0
1752497282.279357,1742,163.328125,0.0,0
1752497282.279357,1743,162.953125,0.0,0
1752497282.279357,1744,158.625,0.0,0
1752497282.279357,1745,160.484375,0.0,0
1752497282.279357,1746,157.875,0.0,0
1752497283.3764732,1738,28.671875,0.0,0
1752497283.3764732,1739,163.46875,0.0,0
1752497283.3764732,1740,162.84375,0.0,0
1752497283.3764732,1741,164.03125,0.0,0
1752497283.3764732,1742,163.328125,0.0,0
1752497283.3764732,1743,162.953125,0.0,0
1752497283.3764732,1744,158.625,0.0,0
1752497283.3764732,1745,160.484375,0.0,0
1752497283.3764732,1746,157.875,0.0,0
1752497284.472791,1738,28.671875,0.0,0
1752497284.472791,1739,163.03125,0.0,0
1752497284.472791,1740,162.328125,0.0,0
1752497284.472791,1741,163.59375,0.0,0
1752497284.472791,1742,162.734375,0.0,0
1752497284.472791,1743,162.484375,0.0,0
1752497284.472791,1744,157.515625,0.0,0
1752497284.472791,1745,159.671875,0.0,0
1752497284.472791,1746,157.1875,0.0,0
1752497285.561335,1738,28.671875,0.0,0
1752497285.561335,1739,163.03125,0.0,0
1752497285.561335,1740,162.328125,0.0,0
1752497285.561335,1741,163.59375,0.0,0
1752497285.561335,1742,162.734375,0.0,0
1752497285.561335,1743,162.484375,0.0,0
1752497285.561335,1744,157.515625,0.0,0
1752497285.561335,1745,159.671875,0.0,0
1752497285.561335,1746,157.1875,0.0,0
1752497286.6581929,1738,28.671875,0.0,0
1752497286.6581929,1739,163.03125,0.0,0
1752497286.6581929,1740,162.328125,0.0,0
1752497286.6581929,1741,163.59375,0.0,0
1752497286.6581929,1742,162.734375,0.0,0
1752497286.6581929,1743,162.484375,0.0,0
1752497286.6581929,1744,157.515625,0.0,0
1752497286.6581929,1745,159.671875,0.0,0
1752497286.6581929,1746,157.1875,0.0,0
1752497287.751284,1738,28.671875,0.0,0
1752497287.751284,1739,163.03125,0.0,0
1752497287.751284,1740,162.328125,0.0,0
1752497287.751284,1741,163.59375,0.0,0
1752497287.751284,1742,162.734375,0.0,0
1752497287.751284,1743,162.484375,0.0,0
1752497287.751284,1744,157.515625,0.0,0
1752497287.751284,1745,159.6875,0.0,0
1752497287.751284,1746,157.1875,0.0,0
1752497288.847321,1738,28.671875,0.0,0
1752497288.847321,1739,163.03125,0.0,0
1752497288.847321,1740,162.328125,0.0,0
1752497288.847321,1741,163.59375,0.0,0
1752497288.847321,1742,162.734375,0.0,0
1752497288.847321,1743,162.484375,0.0,0
1752497288.847321,1744,157.515625,0.0,0
1752497288.847321,1745,159.6875,0.0,0
1752497288.847321,1746,157.1875,0.0,0
1752497289.937974,1738,28.671875,0.0,50
1752497289.937974,1739,163.03125,0.0,50
1752497289.937974,1740,162.328125,0.0,50
1752497289.937974,1741,163.59375,0.0,50
1752497289.937974,1742,162.734375,0.0,50
1752497289.937974,1743,162.484375,0.0,50
1752497289.937974,1744,157.515625,0.0,50
1752497289.937974,1745,159.6875,0.0,50
1752497289.937974,1746,157.1875,0.0,50
1752497291.013957,1738,28.671875,0.0,0
1752497291.013957,1739,163.109375,0.0,0
1752497291.013957,1740,162.484375,0.0,0
1752497291.013957,1741,163.59375,0.0,0
1752497291.013957,1742,162.765625,0.0,0
1752497291.013957,1743,162.515625,0.0,0
1752497291.013957,1744,157.53125,0.0,0
1752497291.013957,1745,159.6875,0.0,0
1752497291.013957,1746,157.1875,0.0,0
1752497292.075804,1738,28.671875,0.0,0
1752497292.075804,1739,163.234375,0.0,0
1752497292.075804,1740,162.484375,0.0,0
1752497292.075804,1741,163.59375,0.0,0
1752497292.075804,1742,162.765625,0.0,0
1752497292.075804,1743,162.515625,0.0,0
1752497292.075804,1744,157.53125,0.0,0
1752497292.075804,1745,159.6875,0.0,0
1752497292.075804,1746,157.1875,0.0,0
1752497293.161855,1738,28.671875,0.0,0
1752497293.161855,1739,163.359375,0.0,0
1752497293.161855,1740,162.53125,0.0,0
1752497293.161855,1741,163.609375,0.0,0
1752497293.161855,1742,162.765625,0.0,0
1752497293.161855,1743,162.84375,0.0,0
1752497293.161855,1744,157.546875,0.0,0
1752497293.161855,1745,159.703125,0.0,0
1752497293.161855,1746,157.21875,0.0,0
1752497294.237262,1738,28.671875,0.0,0
1752497294.237262,1739,163.359375,0.0,0
1752497294.237262,1740,162.53125,0.0,0
1752497294.237262,1741,163.609375,0.0,0
1752497294.237262,1742,162.765625,0.0,0
1752497294.237262,1743,162.890625,0.0,0
1752497294.237262,1744,157.546875,0.0,0
1752497294.237262,1745,159.703125,0.0,0
1752497294.237262,1746,157.234375,0.0,0
1752497295.307347,1738,28.671875,0.0,0
1752497295.307347,1739,163.65625,0.0,0
1752497295.307347,1740,162.546875,0.0,0
1752497295.307347,1741,163.609375,0.0,0
1752497295.307347,1742,162.765625,0.0,0
1752497295.307347,1743,163.046875,0.0,0
1752497295.307347,1744,157.546875,0.0,0
1752497295.307347,1745,159.734375,0.0,0
1752497295.307347,1746,157.265625,0.0,0
1752497296.399461,1738,28.671875,0.0,0
1752497296.399461,1739,163.75,0.0,0
1752497296.399461,1740,162.546875,0.0,0
1752497296.399461,1741,163.609375,0.0,0
1752497296.399461,1742,162.765625,0.0,0
1752497296.399461,1743,163.0625,0.0,0
1752497296.399461,1744,157.546875,0.0,0
1752497296.399461,1745,159.734375,0.0,0
1752497296.399461,1746,157.265625,0.0,0
1752497297.489932,1738,28.671875,0.0,0
1752497297.489932,1739,163.75,0.0,0
1752497297.489932,1740,163.4375,0.0,0
1752497297.489932,1741,163.609375,0.0,0
1752497297.489932,1742,162.765625,0.0,0
1752497297.489932,1743,163.09375,0.0,0
1752497297.489932,1744,157.546875,0.0,0
1752497297.489932,1745,159.765625,0.0,0
1752497297.489932,1746,157.296875,0.0,0
1752497298.585813,1738,28.671875,0.0,0
1752497298.585813,1739,163.75,0.0,0
1752497298.585813,1740,163.515625,0.0,0
1752497298.585813,1741,163.609375,0.0,0
1752497298.585813,1742,162.765625,0.0,0
1752497298.585813,1743,163.09375,0.0,0
1752497298.585813,1744,157.546875,0.0,0
1752497298.585813,1745,159.765625,0.0,0
1752497298.585813,1746,157.34375,0.0,0
1752497299.681021,1738,28.671875,0.0,0
1752497299.681021,1739,163.75,0.0,0
1752497299.681021,1740,163.5625,0.0,0
1752497299.681021,1741,163.609375,0.0,0
1752497299.681021,1742,162.765625,0.0,0
1752497299.681021,1743,163.09375,0.0,0
1752497299.681021,1744,157.546875,0.0,0
1752497299.681021,1745,159.765625,0.0,0
1752497299.681021,1746,157.34375,0.0,0
1752497300.7807271,1738,28.671875,0.0,0
1752497300.7807271,1739,163.75,0.0,0
1752497300.7807271,1740,163.5625,0.0,0
1752497300.7807271,1741,163.609375,0.0,0
1752497300.7807271,1742,162.765625,0.0,0
1752497300.7807271,1743,163.09375,0.0,0
1752497300.7807271,1744,157.546875,0.0,0
1752497300.7807271,1745,159.765625,0.0,0
1752497300.7807271,1746,157.34375,0.0,0
1752497301.877017,1738,28.671875,0.0,0
1752497301.877017,1739,163.75,0.0,0
1752497301.877017,1740,163.5625,0.0,0
1752497301.877017,1741,163.609375,0.0,0
1752497301.877017,1742,162.765625,0.0,0
1752497301.877017,1743,163.09375,0.0,0
1752497301.877017,1744,157.546875,0.0,0
1752497301.877017,1745,159.765625,0.0,0
1752497301.877017,1746,157.34375,0.0,0
1752497302.973781,1738,28.671875,0.0,0
1752497302.973781,1739,163.75,0.0,0
1752497302.973781,1740,163.5625,0.0,0
1752497302.973781,1741,163.609375,0.0,0
1752497302.973781,1742,162.765625,0.0,0
1752497302.973781,1743,163.09375,0.0,0
1752497302.973781,1744,157.546875,0.0,0
1752497302.973781,1745,159.765625,0.0,0
1752497302.973781,1746,157.34375,0.0,0
1752497304.066624,1738,28.671875,0.0,0
1752497304.066624,1739,163.75,0.0,0
1752497304.066624,1740,163.5625,0.0,0
1752497304.066624,1741,163.609375,0.0,0
1752497304.066624,1742,162.765625,0.0,0
1752497304.066624,1743,163.09375,0.0,0
1752497304.066624,1744,157.546875,0.0,0
1752497304.066624,1745,159.765625,0.0,0
1752497304.066624,1746,157.34375,0.0,0
1752497305.1579661,1738,28.671875,0.0,0
1752497305.1579661,1739,163.75,0.0,0
1752497305.1579661,1740,163.5625,0.0,0
1752497305.1579661,1741,163.609375,0.0,0
1752497305.1579661,1742,162.765625,0.0,0
1752497305.1579661,1743,163.09375,0.0,0
1752497305.1579661,1744,157.546875,0.0,0
1752497305.1579661,1745,159.765625,0.0,0
1752497305.1579661,1746,157.34375,0.0,0
1752497306.226701,1738,28.671875,0.0,0
1752497306.226701,1739,162.5,0.0,0
1752497306.226701,1740,162.671875,0.0,0
1752497306.226701,1741,162.359375,0.0,0
1752497306.226701,1742,161.859375,0.0,0
1752497306.226701,1743,161.34375,0.0,0
1752497306.226701,1744,156.453125,0.0,0
1752497306.226701,1745,157.5625,0.0,0
1752497306.226701,1746,154.859375,0.0,0
1752497307.31986,1738,28.671875,0.0,0
1752497307.31986,1739,162.5,0.0,0
1752497307.31986,1740,162.765625,0.0,0
1752497307.31986,1741,162.359375,0.0,0
1752497307.31986,1742,161.859375,0.0,0
1752497307.31986,1743,161.34375,0.0,0
1752497307.31986,1744,156.453125,0.0,0
1752497307.31986,1745,157.5625,0.0,0
1752497307.31986,1746,154.859375,0.0,0
1752497308.382199,1738,28.671875,0.0,0
1752497308.382199,1739,162.5,0.0,0
1752497308.382199,1740,162.96875,0.0,0
1752497308.382199,1741,162.359375,0.0,0
1752497308.382199,1742,161.859375,0.0,0
1752497308.382199,1743,161.34375,0.0,0
1752497308.382199,1744,156.453125,0.0,0
1752497308.382199,1745,157.5625,0.0,0
1752497308.382199,1746,154.859375,0.0,0
1752497309.483318,1738,28.671875,0.0,0
1752497309.483318,1739,162.578125,0.0,0
1752497309.483318,1740,163.265625,0.0,0
1752497309.483318,1741,162.359375,0.0,0
1752497309.483318,1742,161.859375,0.0,0
1752497309.483318,1743,161.34375,0.0,0
1752497309.483318,1744,156.46875,0.0,0
1752497309.483318,1745,157.609375,0.0,0
1752497309.483318,1746,154.859375,0.0,0
1752497310.578727,1738,28.671875,0.0,0
1752497310.578727,1739,162.578125,0.0,0
1752497310.578727,1740,163.265625,0.0,0
1752497310.578727,1741,162.359375,0.0,0
1752497310.578727,1742,161.859375,0.0,0
1752497310.578727,1743,161.34375,0.0,0
1752497310.578727,1744,156.46875,0.0,0
1752497310.578727,1745,157.609375,0.0,0
1752497310.578727,1746,154.859375,0.0,0
1752497311.67444,1738,28.671875,0.0,0
1752497311.67444,1739,162.578125,0.0,0
1752497311.67444,1740,163.265625,0.0,0
1752497311.67444,1741,162.359375,0.0,0
1752497311.67444,1742,161.859375,0.0,0
1752497311.67444,1743,161.34375,0.0,0
1752497311.67444,1744,156.46875,0.0,0
1752497311.67444,1745,157.609375,0.0,0
1752497311.67444,1746,154.859375,0.0,0
1752497312.76592,1738,28.671875,0.0,0
1752497312.76592,1739,162.578125,0.0,0
1752497312.76592,1740,163.265625,0.0,0
1752497312.76592,1741,162.359375,0.0,0
1752497312.76592,1742,161.859375,0.0,0
1752497312.76592,1743,161.34375,0.0,0
1752497312.76592,1744,156.46875,0.0,0
1752497312.76592,1745,157.609375,0.0,0
1752497312.76592,1746,154.859375,0.0,0
1752497313.8545852,1738,28.671875,0.0,0
1752497313.8545852,1739,162.578125,0.0,0
1752497313.8545852,1740,163.265625,0.0,0
1752497313.8545852,1741,162.359375,0.0,0
1752497313.8545852,1742,161.859375,0.0,0
1752497313.8545852,1743,161.34375,0.0,0
1752497313.8545852,1744,156.46875,0.0,0
1752497313.8545852,1745,157.609375,0.0,0
1752497313.8545852,1746,154.859375,0.0,0
1752497314.9426172,1738,28.671875,0.0,0
1752497314.9426172,1739,162.578125,0.0,0
1752497314.9426172,1740,163.265625,0.0,0
1752497314.9426172,1741,162.359375,0.0,0
1752497314.9426172,1742,161.859375,0.0,0
1752497314.9426172,1743,161.34375,0.0,0
1752497314.9426172,1744,156.46875,0.0,0
1752497314.9426172,1745,157.609375,0.0,0
1752497314.9426172,1746,154.859375,0.0,0
1752497316.0308878,1738,28.671875,0.0,0
1752497316.0308878,1739,162.578125,0.0,0
1752497316.0308878,1740,163.265625,0.0,0
1752497316.0308878,1741,162.359375,0.0,0
1752497316.0308878,1742,161.859375,0.0,0
1752497316.0308878,1743,161.34375,0.0,0
1752497316.0308878,1744,156.46875,0.0,0
1752497316.0308878,1745,157.609375,0.0,0
1752497316.0308878,1746,154.859375,0.0,0
1752497317.1283169,1738,28.671875,0.0,0
1752497317.1283169,1739,162.578125,0.0,0
1752497317.1283169,1740,163.28125,0.0,0
1752497317.1283169,1741,162.359375,0.0,0
1752497317.1283169,1742,161.859375,0.0,0
1752497317.1283169,1743,161.34375,0.0,0
1752497317.1283169,1744,156.46875,0.0,0
1752497317.1283169,1745,157.609375,0.0,0
1752497317.1283169,1746,154.859375,0.0,0
1752497318.218305,1738,28.671875,0.0,0
1752497318.218305,1739,162.578125,0.0,0
1752497318.218305,1740,163.296875,0.0,0
1752497318.218305,1741,162.359375,0.0,0
1752497318.218305,1742,161.859375,0.0,0
1752497318.218305,1743,161.34375,0.0,0
1752497318.218305,1744,156.46875,0.0,0
1752497318.218305,1745,157.609375,0.0,0
1752497318.218305,1746,154.859375,0.0,0
1752497319.304707,1738,28.671875,0.0,0
1752497319.304707,1739,162.578125,0.0,0
1752497319.304707,1740,163.453125,0.0,0
1752497319.304707,1741,162.359375,0.0,0
1752497319.304707,1742,161.859375,0.0,0
1752497319.304707,1743,161.34375,0.0,0
1752497319.304707,1744,156.46875,0.0,0
1752497319.304707,1745,157.609375,0.0,0
1752497319.304707,1746,154.859375,0.0,0
1752497320.367945,1738,28.671875,0.0,0
1752497320.367945,1739,162.578125,0.0,0
1752497320.367945,1740,163.546875,0.0,0
1752497320.367945,1741,162.359375,0.0,0
1752497320.367945,1742,161.859375,0.0,0
1752497320.367945,1743,161.34375,0.0,0
1752497320.367945,1744,156.46875,0.0,0
1752497320.367945,1745,157.609375,0.0,0
1752497320.367945,1746,154.859375,0.0,0
1752497321.457195,1738,28.671875,0.0,75
1752497321.457195,1739,162.578125,0.0,75
1752497321.457195,1740,163.546875,0.0,75
1752497321.457195,1741,162.359375,0.0,75
1752497321.457195,1742,161.859375,0.0,75
1752497321.457195,1743,161.34375,0.0,75
1752497321.457195,1744,156.46875,0.0,75
1752497321.457195,1745,157.609375,0.0,75
1752497321.457195,1746,154.859375,0.0,75
1752497322.5445702,1738,28.671875,0.0,0
1752497322.5445702,1739,162.578125,0.0,0
1752497322.5445702,1740,163.546875,0.0,0
1752497322.5445702,1741,162.5,0.0,0
1752497322.5445702,1742,162.59375,0.0,0
1752497322.5445702,1743,161.34375,0.0,0
1752497322.5445702,1744,156.46875,0.0,0
1752497322.5445702,1745,157.65625,0.0,0
1752497322.5445702,1746,154.9375,0.0,0
1752497323.638113,1738,28.671875,0.0,0
1752497323.638113,1739,162.578125,0.0,0
1752497323.638113,1740,163.546875,0.0,0
1752497323.638113,1741,162.5625,0.0,0
1752497323.638113,1742,162.6875,0.0,0
1752497323.638113,1743,161.34375,0.0,0
1752497323.638113,1744,156.46875,0.0,0
1752497323.638113,1745,157.65625,0.0,0
1752497323.638113,1746,154.953125,0.0,0
1752497324.72876,1738,28.671875,0.0,0
1752497324.72876,1739,162.578125,0.0,0
1752497324.72876,1740,163.546875,0.0,0
1752497324.72876,1741,162.609375,0.0,0
1752497324.72876,1742,162.734375,0.0,0
1752497324.72876,1743,161.34375,0.0,0
1752497324.72876,1744,156.46875,0.0,0
1752497324.72876,1745,157.65625,0.0,0
1752497324.72876,1746,155.03125,0.0,0
1752497325.81803,1738,28.671875,0.0,0
1752497325.81803,1739,162.578125,0.0,0
1752497325.81803,1740,163.546875,0.0,0
1752497325.81803,1741,162.671875,0.0,0
1752497325.81803,1742,162.734375,0.0,0
1752497325.81803,1743,161.34375,0.0,0
1752497325.81803,1744,156.46875,0.0,0
1752497325.81803,1745,157.65625,0.0,0
1752497325.81803,1746,155.03125,0.0,0
1752497326.893277,1738,28.671875,0.0,0
1752497326.893277,1739,162.578125,0.0,0
1752497326.893277,1740,163.546875,0.0,0
1752497326.893277,1741,162.671875,0.0,0
1752497326.893277,1742,162.734375,0.0,0
1752497326.893277,1743,161.34375,0.0,0
1752497326.893277,1744,156.46875,0.0,0
1752497326.893277,1745,157.65625,0.0,0
1752497326.893277,1746,155.03125,0.0,0
1752497327.991827,1738,28.671875,0.0,0
1752497327.991827,1739,162.578125,0.0,0
1752497327.991827,1740,163.546875,0.0,0
1752497327.991827,1741,162.671875,0.0,0
1752497327.991827,1742,162.734375,0.0,0
1752497327.991827,1743,161.34375,0.0,0
1752497327.991827,1744,156.46875,0.0,0
1752497327.991827,1745,157.65625,0.0,0
1752497327.991827,1746,155.03125,0.0,0
1752497329.084617,1738,28.671875,0.0,0
1752497329.084617,1739,162.578125,0.0,0
1752497329.084617,1740,163.546875,0.0,0
1752497329.084617,1741,162.671875,0.0,0
1752497329.084617,1742,162.734375,0.0,0
1752497329.084617,1743,161.34375,0.0,0
1752497329.084617,1744,156.46875,0.0,0
1752497329.084617,1745,157.65625,0.0,0
1752497329.084617,1746,155.03125,0.0,0
1752497330.1700401,1738,28.671875,0.0,0
1752497330.1700401,1739,162.578125,0.0,0
1752497330.1700401,1740,163.546875,0.0,0
1752497330.1700401,1741,162.671875,0.0,0
1752497330.1700401,1742,162.734375,0.0,0
1752497330.1700401,1743,161.34375,0.0,0
1752497330.1700401,1744,156.46875,0.0,0
1752497330.1700401,1745,157.65625,0.0,0
1752497330.1700401,1746,155.03125,0.0,0
1752497331.239718,1738,28.671875,0.0,0
1752497331.239718,1739,162.578125,0.0,0
1752497331.239718,1740,163.578125,0.0,0
1752497331.239718,1741,162.671875,0.0,0
1752497331.239718,1742,163.390625,0.0,0
1752497331.239718,1743,161.34375,0.0,0
1752497331.239718,1744,156.484375,0.0,0
1752497331.239718,1745,157.6875,0.0,0
1752497331.239718,1746,155.046875,0.0,0
1752497332.325731,1738,28.671875,0.0,0
1752497332.325731,1739,159.84375,0.0,0
1752497332.325731,1740,161.203125,0.0,0
1752497332.325731,1741,160.53125,0.0,0
1752497332.325731,1742,161.109375,0.0,0
1752497332.325731,1743,157.75,0.0,0
1752497332.325731,1744,149.1875,0.0,0
1752497332.325731,1745,150.359375,0.0,0
1752497332.325731,1746,148.984375,0.0,0
1752497333.413902,1738,28.671875,0.0,0
1752497333.413902,1739,159.84375,0.0,0
1752497333.413902,1740,161.265625,0.0,0
1752497333.413902,1741,160.53125,0.0,0
1752497333.413902,1742,161.1875,0.0,0
1752497333.413902,1743,157.75,0.0,0
1752497333.413902,1744,149.1875,0.0,0
1752497333.413902,1745,150.359375,0.0,0
1752497333.413902,1746,148.984375,0.0,0
1752497334.5101151,1738,28.671875,0.0,0
1752497334.5101151,1739,159.84375,0.0,0
1752497334.5101151,1740,161.265625,0.0,0
1752497334.5101151,1741,160.53125,0.0,0
1752497334.5101151,1742,161.390625,0.0,0
1752497334.5101151,1743,157.75,0.0,0
1752497334.5101151,1744,149.1875,0.0,0
1752497334.5101151,1745,150.359375,0.0,0
1752497334.5101151,1746,148.984375,0.0,0
1752497335.592764,1738,28.671875,0.0,0
1752497335.592764,1739,159.84375,0.0,0
1752497335.592764,1740,161.265625,0.0,0
1752497335.592764,1741,160.53125,0.0,0
1752497335.592764,1742,161.390625,0.0,0
1752497335.592764,1743,157.75,0.0,0
1752497335.592764,1744,149.1875,0.0,0
1752497335.592764,1745,150.359375,0.0,0
1752497335.592764,1746,148.984375,0.0,0
1752497336.682446,1738,28.671875,0.0,0
1752497336.682446,1739,159.84375,0.0,0
1752497336.682446,1740,161.265625,0.0,0
1752497336.682446,1741,160.53125,0.0,0
1752497336.682446,1742,161.390625,0.0,0
1752497336.682446,1743,157.75,0.0,0
1752497336.682446,1744,149.1875,0.0,0
1752497336.682446,1745,150.359375,0.0,0
1752497336.682446,1746,148.984375,0.0,0
1752497337.76837,1738,28.671875,0.0,0
1752497337.76837,1739,159.84375,0.0,0
1752497337.76837,1740,161.265625,0.0,0
1752497337.76837,1741,160.53125,0.0,0
1752497337.76837,1742,161.390625,0.0,0
1752497337.76837,1743,157.75,0.0,0
1752497337.76837,1744,149.1875,0.0,0
1752497337.76837,1745,150.359375,0.0,0
1752497337.76837,1746,148.984375,0.0,0
1752497338.840754,1738,28.671875,0.0,0
1752497338.840754,1739,159.9375,0.0,0
1752497338.840754,1740,161.328125,0.0,0
1752497338.840754,1741,160.53125,0.0,0
1752497338.840754,1742,161.40625,0.0,0
1752497338.840754,1743,157.796875,0.0,0
1752497338.840754,1744,149.203125,0.0,0
1752497338.840754,1745,150.375,0.0,0
1752497338.840754,1746,148.984375,0.0,0
1752497339.9252071,1738,28.671875,0.0,0
1752497339.9252071,1739,160.15625,0.0,0
1752497339.9252071,1740,161.359375,0.0,0
1752497339.9252071,1741,160.53125,0.0,0
1752497339.9252071,1742,161.40625,0.0,0
1752497339.9252071,1743,157.796875,0.0,0
1752497339.9252071,1744,149.21875,0.0,0
1752497339.9252071,1745,150.390625,0.0,0
1752497339.9252071,1746,148.984375,0.0,0
1752497341.010466,1738,28.671875,0.0,0
1752497341.010466,1739,160.265625,0.0,0
1752497341.010466,1740,161.359375,0.0,0
1752497341.010466,1741,160.53125,0.0,0
1752497341.010466,1742,161.421875,0.0,0
1752497341.010466,1743,157.828125,0.0,0
1752497341.010466,1744,149.21875,0.0,0
1752497341.010466,1745,150.390625,0.0,0
1752497341.010466,1746,148.984375,0.0,0
1752497342.103789,1738,28.671875,0.0,0
1752497342.103789,1739,157.1875,0.0,0
1752497342.103789,1740,157.9375,0.0,0
1752497342.103789,1741,157.0625,0.0,0
1752497342.103789,1742,158.71875,0.0,0
1752497342.103789,1743,154.15625,0.0,0
1752497342.103789,1744,143.140625,0.0,0
1752497342.103789,1745,143.15625,0.0,0
1752497342.103789,1746,142.1875,0.0,0
1752497343.195782,1738,28.671875,0.0,0
1752497343.195782,1739,157.1875,0.0,0
1752497343.195782,1740,157.953125,0.0,0
1752497343.195782,1741,157.0625,0.0,0
1752497343.195782,1742,158.71875,0.0,0
1752497343.195782,1743,154.15625,0.0,0
1752497343.195782,1744,143.140625,0.0,0
1752497343.195782,1745,143.15625,0.0,0
1752497343.195782,1746,142.1875,0.0,0
1752497344.289314,1738,28.625,0.0,0
1752497344.289314,1739,143.0625,0.0,0
1752497344.289314,1740,144.28125,0.0,0
1752497344.289314,1741,142.296875,0.0,0
1752497344.289314,1742,142.515625,0.0,0
1752497344.289314,1743,130.5,0.0,0
1752497344.289314,1744,122.203125,0.0,0
1752497344.289314,1745,123.421875,0.0,0
1752497344.289314,1746,120.453125,0.0,0
1752497345.36154,1738,28.625,0.0,0
1752497345.36154,1739,143.0625,0.0,0
1752497345.36154,1740,144.28125,0.0,0
1752497345.36154,1741,142.296875,0.0,0
1752497345.36154,1742,142.515625,0.0,0
1752497345.36154,1743,130.5,0.0,0
1752497345.36154,1744,122.203125,0.0,0
1752497345.36154,1745,123.421875,0.0,0
1752497345.36154,1746,120.453125,0.0,0
1752497346.44866,1738,28.609375,0.0,0
1752497346.44866,1739,134.4375,0.0,0
1752497346.44866,1740,136.6875,0.0,0
1752497346.44866,1741,134.84375,0.0,0
1752497346.44866,1742,132.546875,0.0,0
1752497346.44866,1743,126.25,0.0,0
1752497346.44866,1744,113.484375,0.0,0
1752497346.44866,1745,115.203125,0.0,0
1752497346.44866,1746,113.25,0.0,0
1752497347.5305228,1738,27.203125,0.0,0
1752497347.5305228,1739,109.75,0.0,0
1752497347.5305228,1740,110.40625,0.0,0
1752497347.5305228,1741,104.734375,0.0,0
1752497347.5305228,1742,101.03125,0.0,0
1752497347.5305228,1743,96.796875,0.0,0
1752497347.5305228,1744,101.84375,0.0,0
1752497347.5305228,1745,103.671875,0.0,0
1752497347.5305228,1746,103.78125,0.0,0
1752497348.611948,1738,27.203125,0.0,0
1752497348.611948,1739,110.0,0.0,0
1752497348.611948,1740,110.453125,0.0,0
1752497348.611948,1741,104.734375,0.0,0
1752497348.611948,1742,101.03125,0.0,0
1752497348.611948,1743,96.984375,0.0,0
1752497348.611948,1744,101.84375,0.0,0
1752497348.611948,1745,103.9375,0.0,0
1752497348.611948,1746,103.78125,0.0,0
1752497349.691723,1738,27.203125,0.0,0
1752497349.691723,1739,110.046875,0.0,0
1752497349.691723,1740,110.484375,0.0,0
1752497349.691723,1741,104.75,0.0,0
1752497349.691723,1742,101.03125,0.0,0
1752497349.691723,1743,97.046875,0.0,0
1752497349.691723,1744,101.84375,0.0,0
1752497349.691723,1745,103.984375,0.0,0
1752497349.691723,1746,103.78125,0.0,0
1752497350.7869031,1738,27.203125,0.0,0
1752497350.7869031,1739,110.046875,0.0,0
1752497350.7869031,1740,110.5,0.0,0
1752497350.7869031,1741,104.75,0.0,0
1752497350.7869031,1742,101.03125,0.0,0
1752497350.7869031,1743,97.09375,0.0,0
1752497350.7869031,1744,101.84375,0.0,0
1752497350.7869031,1745,103.984375,0.0,0
1752497350.7869031,1746,103.796875,0.0,0
1752497351.8821812,1738,27.203125,0.0,0
1752497351.8821812,1739,110.046875,0.0,0
1752497351.8821812,1740,110.5,0.0,0
1752497351.8821812,1741,104.75,0.0,0
1752497351.8821812,1742,101.03125,0.0,0
1752497351.8821812,1743,97.09375,0.0,0
1752497351.8821812,1744,101.84375,0.0,0
1752497351.8821812,1745,103.984375,0.0,0
1752497351.8821812,1746,103.796875,0.0,0
1752497352.9791071,1738,27.203125,0.0,0
1752497352.9791071,1739,110.046875,0.0,0
1752497352.9791071,1740,110.5,0.0,0
1752497352.9791071,1741,104.75,0.0,0
1752497352.9791071,1742,101.03125,0.0,0
1752497352.9791071,1743,97.09375,0.0,0
1752497352.9791071,1744,101.84375,0.0,0
1752497352.9791071,1745,103.984375,0.0,0
1752497352.9791071,1746,103.796875,0.0,0
1752497354.0697489,1738,27.203125,0.0,0
1752497354.0697489,1739,110.046875,0.0,0
1752497354.0697489,1740,110.5,0.0,0
1752497354.0697489,1741,104.75,0.0,0
1752497354.0697489,1742,101.03125,0.0,0
1752497354.0697489,1743,97.09375,0.0,0
1752497354.0697489,1744,101.84375,0.0,0
1752497354.0697489,1745,103.984375,0.0,0
1752497354.0697489,1746,103.796875,0.0,0
1752497355.169114,1738,27.203125,0.0,0
1752497355.169114,1739,110.046875,0.0,0
1752497355.169114,1740,110.5,0.0,0
1752497355.169114,1741,104.75,0.0,0
1752497355.169114,1742,101.03125,0.0,0
1752497355.169114,1743,97.09375,0.0,0
1752497355.169114,1744,101.84375,0.0,0
1752497355.169114,1745,103.984375,0.0,0
1752497355.169114,1746,103.796875,0.0,0
1752497356.238606,1738,27.203125,0.0,0
1752497356.238606,1739,110.046875,0.0,0
1752497356.238606,1740,110.5,0.0,0
1752497356.238606,1741,104.75,0.0,0
1752497356.238606,1742,101.03125,0.0,0
1752497356.238606,1743,97.09375,0.0,0
1752497356.238606,1744,101.84375,0.0,0
1752497356.238606,1745,103.984375,0.0,0
1752497356.238606,1746,103.796875,0.0,0
1752497357.3321211,1738,27.203125,0.0,0
1752497357.3321211,1739,110.046875,0.0,0
1752497357.3321211,1740,110.5,0.0,0
1752497357.3321211,1741,104.75,0.0,0
1752497357.3321211,1742,101.03125,0.0,0
1752497357.3321211,1743,97.09375,0.0,0
1752497357.3321211,1744,101.84375,0.0,0
1752497357.3321211,1745,104.0,0.0,0
1752497357.3321211,1746,103.796875,0.0,0
1752497358.428641,1738,27.203125,0.0,0
1752497358.428641,1739,110.046875,0.0,0
1752497358.428641,1740,110.5,0.0,0
1752497358.428641,1741,104.75,0.0,0
1752497358.428641,1742,101.03125,0.0,0
1752497358.428641,1743,97.09375,0.0,0
1752497358.428641,1744,101.84375,0.0,0
1752497358.428641,1745,104.0,0.0,0
1752497358.428641,1746,103.796875,0.0,0
1752497359.5164979,1738,27.203125,0.0,100
1752497359.5164979,1739,110.046875,0.0,100
1752497359.5164979,1740,110.5,0.0,100
1752497359.5164979,1741,104.75,0.0,100
1752497359.5164979,1742,101.03125,0.0,100
1752497359.5164979,1743,97.09375,0.0,100
1752497359.5164979,1744,101.84375,0.0,100
1752497359.5164979,1745,104.0,0.0,100
1752497359.5164979,1746,103.796875,0.0,100
1752497360.605164,1738,27.203125,0.0,0
1752497360.605164,1739,110.0625,0.0,0
1752497360.605164,1740,110.515625,0.0,0
1752497360.605164,1741,104.8125,0.0,0
1752497360.605164,1742,101.046875,0.0,0
1752497360.605164,1743,98.34375,0.0,0
1752497360.605164,1744,101.859375,0.0,0
1752497360.605164,1745,104.03125,0.0,0
1752497360.605164,1746,103.84375,0.0,0
1752497361.673404,1738,27.203125,0.0,0
1752497361.673404,1739,110.0625,0.0,0
1752497361.673404,1740,110.515625,0.0,0
1752497361.673404,1741,104.84375,0.0,0
1752497361.673404,1742,101.046875,0.0,0
1752497361.673404,1743,98.390625,0.0,0
1752497361.673404,1744,101.859375,0.0,0
1752497361.673404,1745,104.03125,0.0,0
1752497361.673404,1746,103.84375,0.0,0
1752497362.76957,1738,27.203125,0.0,0
1752497362.76957,1739,110.0625,0.0,0
1752497362.76957,1740,110.515625,0.0,0
1752497362.76957,1741,104.84375,0.0,0
1752497362.76957,1742,101.046875,0.0,0
1752497362.76957,1743,98.453125,0.0,0
1752497362.76957,1744,101.859375,0.0,0
1752497362.76957,1745,104.03125,0.0,0
1752497362.76957,1746,103.875,0.0,0
1752497363.8616278,1738,27.203125,0.0,0
1752497363.8616278,1739,110.0625,0.0,0
1752497363.8616278,1740,110.515625,0.0,0
1752497363.8616278,1741,104.84375,0.0,0
1752497363.8616278,1742,101.046875,0.0,0
1752497363.8616278,1743,98.53125,0.0,0
1752497363.8616278,1744,101.859375,0.0,0
1752497363.8616278,1745,104.03125,0.0,0
1752497363.8616278,1746,103.875,0.0,0
1752497364.95151,1738,27.203125,0.0,0
1752497364.95151,1739,110.0625,0.0,0
1752497364.95151,1740,110.515625,0.0,0
1752497364.95151,1741,104.84375,0.0,0
1752497364.95151,1742,101.046875,0.0,0
1752497364.95151,1743,98.65625,0.0,0
1752497364.95151,1744,101.859375,0.0,0
1752497364.95151,1745,104.03125,0.0,0
1752497364.95151,1746,103.921875,0.0,0
1752497366.0415292,1738,27.203125,0.0,0
1752497366.0415292,1739,110.0625,0.0,0
1752497366.0415292,1740,110.515625,0.0,0
1752497366.0415292,1741,104.84375,0.0,0
1752497366.0415292,1742,101.046875,0.0,0
1752497366.0415292,1743,98.6875,0.0,0
1752497366.0415292,1744,101.859375,0.0,0
1752497366.0415292,1745,104.03125,0.0,0
1752497366.0415292,1746,103.921875,0.0,0
1752497367.138054,1738,27.203125,0.0,0
1752497367.138054,1739,110.0625,0.0,0
1752497367.138054,1740,110.515625,0.0,0
1752497367.138054,1741,104.84375,0.0,0
1752497367.138054,1742,101.046875,0.0,0
1752497367.138054,1743,98.75,0.0,0
1752497367.138054,1744,101.859375,0.0,0
1752497367.138054,1745,104.03125,0.0,0
1752497367.138054,1746,103.921875,0.0,0
1752497368.240084,1738,27.203125,0.0,0
1752497368.240084,1739,110.0625,0.0,0
1752497368.240084,1740,110.515625,0.0,0
1752497368.240084,1741,104.84375,0.0,0
1752497368.240084,1742,101.046875,0.0,0
1752497368.240084,1743,99.109375,0.0,0
1752497368.240084,1744,101.859375,0.0,0
1752497368.240084,1745,104.03125,0.0,0
1752497368.240084,1746,103.921875,0.0,0
1752497369.330793,1738,27.203125,0.0,0
1752497369.330793,1739,110.0625,0.0,0
1752497369.330793,1740,110.515625,0.0,0
1752497369.330793,1741,104.84375,0.0,0
1752497369.330793,1742,101.046875,0.0,0
1752497369.330793,1743,99.109375,0.0,0
1752497369.330793,1744,101.859375,0.0,0
1752497369.330793,1745,104.03125,0.0,0
1752497369.330793,1746,103.921875,0.0,0
1752497370.396344,1738,27.203125,0.0,0
1752497370.396344,1739,110.0625,0.0,0
1752497370.396344,1740,110.515625,0.0,0
1752497370.396344,1741,104.84375,0.0,0
1752497370.396344,1742,101.046875,0.0,0
1752497370.396344,1743,99.109375,0.0,0
1752497370.396344,1744,101.859375,0.0,0
1752497370.396344,1745,104.03125,0.0,0
1752497370.396344,1746,103.921875,0.0,0
1752497371.490437,1738,27.203125,0.0,0
1752497371.490437,1739,110.0625,0.0,0
1752497371.490437,1740,110.515625,0.0,0
1752497371.490437,1741,104.84375,0.0,0
1752497371.490437,1742,101.046875,0.0,0
1752497371.490437,1743,99.109375,0.0,0
1752497371.490437,1744,101.859375,0.0,0
1752497371.490437,1745,104.03125,0.0,0
1752497371.490437,1746,103.921875,0.0,0
1752497372.580823,1738,27.203125,0.0,0
1752497372.580823,1739,110.0625,0.0,0
1752497372.580823,1740,110.515625,0.0,0
1752497372.580823,1741,104.84375,0.0,0
1752497372.580823,1742,101.046875,0.0,0
1752497372.580823,1743,99.109375,0.0,0
1752497372.580823,1744,101.859375,0.0,0
1752497372.580823,1745,104.03125,0.0,0
1752497372.580823,1746,103.921875,0.0,0
1752497373.670898,1738,27.203125,0.0,0
1752497373.670898,1739,110.0625,0.0,0
1752497373.670898,1740,110.515625,0.0,0
1752497373.670898,1741,104.84375,0.0,0
1752497373.670898,1742,101.046875,0.0,0
1752497373.670898,1743,99.109375,0.0,0
1752497373.670898,1744,101.859375,0.0,0
1752497373.670898,1745,104.03125,0.0,0
1752497373.670898,1746,103.921875,0.0,0
1752497374.7684531,1738,27.203125,0.0,0
1752497374.7684531,1739,110.0625,0.0,0
1752497374.7684531,1740,110.515625,0.0,0
1752497374.7684531,1741,104.84375,0.0,0
1752497374.7684531,1742,101.046875,0.0,0
1752497374.7684531,1743,99.109375,0.0,0
1752497374.7684531,1744,101.859375,0.0,0
1752497374.7684531,1745,104.03125,0.0,0
1752497374.7684531,1746,103.921875,0.0,0
1752497375.852961,1738,27.203125,0.0,0
1752497375.852961,1739,110.0625,0.0,0
1752497375.852961,1740,110.515625,0.0,0
1752497375.852961,1741,104.84375,0.0,0
1752497375.852961,1742,101.046875,0.0,0
1752497375.852961,1743,99.109375,0.0,0
1752497375.852961,1744,101.859375,0.0,0
1752497375.852961,1745,104.0625,0.0,0
1752497375.852961,1746,103.921875,0.0,0
1752497376.91518,1738,27.203125,0.0,0
1752497376.91518,1739,110.09375,0.0,0
1752497376.91518,1740,110.609375,0.0,0
1752497376.91518,1741,104.875,0.0,0
1752497376.91518,1742,101.046875,0.0,0
1752497376.91518,1743,99.171875,0.0,0
1752497376.91518,1744,101.890625,0.0,0
1752497376.91518,1745,104.109375,0.0,0
1752497376.91518,1746,103.9375,0.0,0
1752497378.0130382,1738,27.203125,0.0,0
1752497378.0130382,1739,110.125,0.0,0
1752497378.0130382,1740,110.734375,0.0,0
1752497378.0130382,1741,104.875,0.0,0
1752497378.0130382,1742,101.046875,0.0,0
1752497378.0130382,1743,99.171875,0.0,0
1752497378.0130382,1744,101.953125,0.0,0
1752497378.0130382,1745,104.109375,0.0,0
1752497378.0130382,1746,103.9375,0.0,0
1752497379.111527,1738,27.203125,0.0,0
1752497379.111527,1739,110.125,0.0,0
1752497379.111527,1740,110.734375,0.0,0
1752497379.111527,1741,104.890625,0.0,0
1752497379.111527,1742,101.046875,0.0,0
1752497379.111527,1743,99.171875,0.0,0
1752497379.111527,1744,101.96875,0.0,0
1752497379.111527,1745,104.109375,0.0,0
1752497379.111527,1746,103.96875,0.0,0
1752497380.203676,1738,27.203125,0.0,0
1752497380.203676,1739,110.125,0.0,0
1752497380.203676,1740,110.734375,0.0,0
1752497380.203676,1741,104.890625,0.0,0
1752497380.203676,1742,101.046875,0.0,0
1752497380.203676,1743,99.171875,0.0,0
1752497380.203676,1744,101.96875,0.0,0
1752497380.203676,1745,104.109375,0.0,0
1752497380.203676,1746,103.96875,0.0,0
1752497381.275475,1738,27.203125,0.0,0
1752497381.275475,1739,110.125,0.0,0
1752497381.275475,1740,110.734375,0.0,0
1752497381.275475,1741,104.890625,0.0,0
1752497381.275475,1742,101.046875,0.0,0
1752497381.275475,1743,99.171875,0.0,0
1752497381.275475,1744,101.96875,0.0,0
1752497381.275475,1745,104.109375,0.0,0
1752497381.275475,1746,103.96875,0.0,0
1752497382.3767822,1738,27.203125,0.0,0
1752497382.3767822,1739,110.125,0.0,0
1752497382.3767822,1740,110.734375,0.0,0
1752497382.3767822,1741,104.890625,0.0,0
1752497382.3767822,1742,101.046875,0.0,0
1752497382.3767822,1743,99.171875,0.0,0
1752497382.3767822,1744,101.96875,0.0,0
1752497382.3767822,1745,104.109375,0.0,0
1752497382.3767822,1746,103.96875,0.0,0
1752497383.472013,1738,27.203125,0.0,0
1752497383.472013,1739,110.125,0.0,0
1752497383.472013,1740,110.734375,0.0,0
1752497383.472013,1741,104.890625,0.0,0
1752497383.472013,1742,101.046875,0.0,0
1752497383.472013,1743,99.171875,0.0,0
1752497383.472013,1744,101.96875,0.0,0
1752497383.472013,1745,104.109375,0.0,0
1752497383.472013,1746,103.96875,0.0,0
1752497384.568104,1738,27.203125,0.0,0
1752497384.568104,1739,110.125,0.0,0
1752497384.568104,1740,110.734375,0.0,0
1752497384.568104,1741,104.890625,0.0,0
1752497384.568104,1742,101.046875,0.0,0
1752497384.568104,1743,99.1875,0.0,0
1752497384.568104,1744,101.96875,0.0,0
1752497384.568104,1745,104.109375,0.0,0
1752497384.568104,1746,103.96875,0.0,0
1752497385.661681,1738,27.203125,0.0,0
1752497385.661681,1739,110.140625,0.0,0
1752497385.661681,1740,110.84375,0.0,0
1752497385.661681,1741,104.890625,0.0,0
1752497385.661681,1742,101.046875,0.0,0
1752497385.661681,1743,99.234375,0.0,0
1752497385.661681,1744,101.96875,0.0,0
1752497385.661681,1745,104.109375,0.0,0
1752497385.661681,1746,103.96875,0.0,0
1752497386.750731,1738,27.203125,0.0,0
1752497386.750731,1739,110.140625,0.0,0
1752497386.750731,1740,110.84375,0.0,0
1752497386.750731,1741,104.890625,0.0,0
1752497386.750731,1742,101.046875,0.0,0
1752497386.750731,1743,99.25,0.0,0
1752497386.750731,1744,101.96875,0.0,0
1752497386.750731,1745,104.109375,0.0,0
1752497386.750731,1746,103.96875,0.0,0
1752497387.837117,1738,27.203125,0.0,0
1752497387.837117,1739,110.140625,0.0,0
1752497387.837117,1740,110.84375,0.0,0
1752497387.837117,1741,104.890625,0.0,0
1752497387.837117,1742,101.046875,0.0,0
1752497387.837117,1743,99.25,0.0,0
1752497387.837117,1744,101.96875,0.0,0
1752497387.837117,1745,104.109375,0.0,0
1752497387.837117,1746,103.96875,0.0,0
1752497388.925419,1738,27.203125,0.0,0
1752497388.925419,1739,110.140625,0.0,0
1752497388.925419,1740,110.84375,0.0,0
1752497388.925419,1741,104.890625,0.0,0
1752497388.925419,1742,101.046875,0.0,0
1752497388.925419,1743,99.25,0.0,0
1752497388.925419,1744,101.96875,0.0,0
1752497388.925419,1745,104.109375,0.0,0
1752497388.925419,1746,103.96875,0.0,0
1752497390.01697,1738,26.921875,0.0,0
1752497390.01697,1739,105.453125,0.0,0
1752497390.01697,1740,104.515625,0.0,0
1752497390.01697,1741,101.9375,0.0,0
1752497390.01697,1742,91.328125,0.0,0
1752497390.01697,1743,99.234375,0.0,0
1752497390.01697,1744,101.953125,0.0,0
1752497390.01697,1745,104.09375,0.0,0
1752497390.01697,1746,103.953125,0.0,0
1752497391.101187,1738,26.921875,0.0,0
1752497391.101187,1739,105.453125,0.0,0
1752497391.101187,1740,104.515625,0.0,0
1752497391.101187,1741,101.9375,0.0,0
1752497391.101187,1742,91.328125,0.0,0
1752497391.101187,1743,99.234375,0.0,0
1752497391.101187,1744,101.953125,0.0,0
1752497391.101187,1745,104.09375,0.0,0
1752497391.101187,1746,103.953125,0.0,0
1752497392.194026,1738,26.921875,0.0,0
1752497392.194026,1739,105.453125,0.0,0
1752497392.194026,1740,104.515625,0.0,0
1752497392.194026,1741,101.9375,0.0,0
1752497392.194026,1742,91.328125,0.0,0
1752497392.194026,1743,99.234375,0.0,0
1752497392.194026,1744,101.953125,0.0,0
1752497392.194026,1745,104.09375,0.0,0
1752497392.194026,1746,103.953125,0.0,0
1752497393.2875578,1738,26.921875,0.0,0
1752497393.2875578,1739,105.453125,0.0,0
1752497393.2875578,1740,104.515625,0.0,0
1752497393.2875578,1741,101.9375,0.0,0
1752497393.2875578,1742,91.328125,0.0,0
1752497393.2875578,1743,99.234375,0.0,0
1752497393.2875578,1744,101.953125,0.0,0
1752497393.2875578,1745,104.109375,0.0,0
1752497393.2875578,1746,103.953125,0.0,0
