timestamp,latency_ms,success,error_message,status_code,concurrent_requests,query,is_timeout,is_throttled,retrieval_time_ms,total_time_ms
1752496690.823352,2719.9440002441406,True,,200,1,revenue,False,False,2719.9409008026123,2719.9440002441406
1752496693.644874,396.2070941925049,True,,200,1,cost center,False,False,396.1832523345947,396.2070941925049
1752496694.142227,358.3381175994873,True,,200,1,accounts receivable,False,False,358.3338260650635,358.3381175994873
1752496694.602122,349.0579128265381,True,,200,1,net income,False,False,349.0409851074219,349.0579128265381
1752496695.135017,411.52310371398926,True,,200,1,cash flow,False,False,411.52095794677734,411.52310371398926
1752496695.647766,374.73583221435547,True,,200,1,operating expenses,False,False,374.73297119140625,374.73583221435547
1752496696.123769,364.1970157623291,True,,200,1,total assets,False,False,364.19105529785156,364.1970157623291
1752496696.589461,378.2958984375,True,,200,1,liability,False,False,378.2849311828613,378.2958984375
1752496697.068946,348.42610359191895,True,,200,1,equity,False,False,348.4230041503906,348.42610359191895
1752496697.518794,375.1940727233887,True,,200,1,profit margin,False,False,375.17428398132324,375.1940727233887
1752496697.99531,265.9730911254883,True,,200,1,revenue,False,False,265.9618854522705,265.9730911254883
1752496698.4046578,261.97028160095215,True,,200,1,cost center,False,False,261.9671821594238,261.97028160095215
1752496698.767491,261.6100311279297,True,,200,1,accounts receivable,False,False,261.5981101989746,261.6100311279297
1752496699.1306932,246.64664268493652,True,,200,1,net income,False,False,246.63281440734863,246.64664268493652
1752496699.489132,251.4781951904297,True,,200,1,cash flow,False,False,251.47604942321777,251.4781951904297
1752496699.842083,313.97104263305664,True,,200,1,operating expenses,False,False,313.95626068115234,313.97104263305664
1752496700.257549,320.512056350708,True,,200,1,total assets,False,False,320.4972743988037,320.512056350708
1752496700.679198,267.56906509399414,True,,200,1,liability,False,False,267.5659656524658,267.56906509399414
1752496701.048125,264.4190788269043,True,,200,1,equity,False,False,264.41025733947754,264.4190788269043
1752496701.4140348,256.7791938781738,True,,200,1,profit margin,False,False,256.7639350891113,256.7791938781738
1752496701.7719839,248.74424934387207,True,,200,1,revenue,False,False,248.74114990234375,248.74424934387207
1752496702.1219141,265.45095443725586,True,,200,1,cost center,False,False,265.4452323913574,265.45095443725586
1752496702.4888499,298.2971668243408,True,,200,1,accounts receivable,False,False,298.2831001281738,298.2971668243408
1752496702.887328,243.90006065368652,True,,200,1,net income,False,False,243.8969612121582,243.90006065368652
1752496703.232661,264.82677459716797,True,,200,1,cash flow,False,False,264.8167610168457,264.82677459716797
1752496703.598872,270.41101455688477,True,,200,1,operating expenses,False,False,270.39599418640137,270.41101455688477
1752496703.970454,259.61804389953613,True,,200,1,total assets,False,False,259.6158981323242,259.61804389953613
1752496704.331508,258.52394104003906,True,,200,1,liability,False,False,258.5139274597168,258.52394104003906
1752496704.6911201,281.83889389038086,True,,200,1,equity,False,False,281.82196617126465,281.83889389038086
1752496705.0741389,239.760160446167,True,,200,1,profit margin,False,False,239.75610733032227,239.760160446167
1752496705.415381,271.2700366973877,True,,200,1,revenue,False,False,271.2538242340088,271.2700366973877
1752496705.787873,265.5980587005615,True,,200,1,cost center,False,False,265.592098236084,265.5980587005615
1752496706.154656,377.1688938140869,True,,200,1,accounts receivable,False,False,377.1636486053467,377.1688938140869
1752496706.632562,268.3601379394531,True,,200,1,net income,False,False,268.34917068481445,268.3601379394531
1752496707.0021608,226.15623474121094,True,,200,1,cash flow,False,False,226.15313529968262,226.15623474121094
1752496707.3296351,266.59393310546875,True,,200,1,operating expenses,False,False,266.5829658508301,266.59393310546875
1752496707.697783,263.99803161621094,True,,200,1,total assets,False,False,263.9811038970947,263.99803161621094
1752496708.063265,240.51880836486816,True,,200,1,liability,False,False,240.50188064575195,240.51880836486816
1752496708.4051032,260.164737701416,True,,200,1,equity,False,False,260.1590156555176,260.164737701416
1752496708.766058,256.1469078063965,True,,200,1,profit margin,False,False,256.1337947845459,256.1469078063965
1752496709.122795,247.26486206054688,True,,200,1,revenue,False,False,247.2529411315918,247.26486206054688
1752496709.470262,284.14011001586914,True,,200,1,cost center,False,False,284.1360569000244,284.14011001586914
1752496709.855915,267.46582984924316,True,,200,1,accounts receivable,False,False,267.4539089202881,267.46582984924316
1752496710.224852,232.12790489196777,True,,200,1,net income,False,False,232.11383819580078,232.12790489196777
1752496710.558146,253.88503074645996,True,,200,1,cash flow,False,False,253.88121604919434,253.88503074645996
1752496710.9132218,247.80917167663574,True,,200,1,operating expenses,False,False,247.80607223510742,247.80917167663574
1752496711.2624378,245.3901767730713,True,,200,1,total assets,False,False,245.37920951843262,245.3901767730713
1752496711.6084301,254.11486625671387,True,,200,1,liability,False,False,254.11105155944824,254.11486625671387
1752496711.9637399,275.7401466369629,True,,200,1,equity,False,False,275.73704719543457,275.7401466369629
1752496712.341024,255.86414337158203,True,,200,1,profit margin,False,False,255.85007667541504,255.86414337158203
1752496712.698029,273.24700355529785,True,,200,1,revenue,False,False,273.24390411376953,273.24700355529785
1752496713.0728269,382.13515281677246,True,,200,1,cost center,False,False,382.11679458618164,382.13515281677246
1752496713.5563788,258.1942081451416,True,,200,1,accounts receivable,False,False,258.1801414489746,258.1942081451416
1752496713.915951,243.53384971618652,True,,200,1,net income,False,False,243.52097511291504,243.53384971618652
1752496714.260483,323.67801666259766,True,,200,1,cash flow,False,False,323.6658573150635,323.67801666259766
1752496714.78028,252.82979011535645,True,,200,1,operating expenses,False,False,252.82788276672363,252.82979011535645
1752496715.134481,249.59087371826172,True,,200,1,total assets,False,False,249.57776069641113,249.59087371826172
1752496715.485495,250.9157657623291,True,,200,1,liability,False,False,250.90265274047852,250.9157657623291
1752496715.858381,257.0650577545166,True,,200,1,equity,False,False,257.0621967315674,257.0650577545166
1752496716.2168908,256.87432289123535,True,,200,1,profit margin,False,False,256.8621635437012,256.87432289123535
1752496716.5751848,264.984130859375,True,,200,1,revenue,False,False,264.97483253479004,264.984130859375
1752496716.9404852,256.12854957580566,True,,200,1,cost center,False,False,256.12688064575195,256.12854957580566
1752496717.298164,258.55326652526855,True,,200,1,accounts receivable,False,False,258.53419303894043,258.55326652526855
1752496717.658154,262.9208564758301,True,,200,1,net income,False,False,262.9058361053467,262.9208564758301
1752496718.021228,259.4878673553467,True,,200,1,cash flow,False,False,259.48596000671387,259.4878673553467
1752496718.382205,267.38977432250977,True,,200,1,operating expenses,False,False,267.37260818481445,267.38977432250977
1752496718.75103,371.4449405670166,True,,200,1,total assets,False,False,371.431827545166,371.4449405670166
1752496719.2232902,249.5260238647461,True,,200,1,liability,False,False,249.52125549316406,249.5260238647461
1752496719.574288,276.6711711883545,True,,200,1,equity,False,False,276.65185928344727,276.6711711883545
1752496719.952192,257.9367160797119,True,,200,1,profit margin,False,False,257.9336166381836,257.9367160797119
1752496720.311291,254.23717498779297,True,,200,1,revenue,False,False,254.23312187194824,254.23717498779297
1752496720.666931,257.0040225982666,True,,200,1,cost center,False,False,256.99496269226074,257.0040225982666
1752496723.04703,253.7212371826172,True,,200,2,revenue,False,False,253.71527671813965,253.7212371826172
1752496723.047489,2667.623996734619,True,,200,2,cost center,False,False,2667.621850967407,2667.623996734619
1752496725.815708,483.36005210876465,True,,200,2,accounts receivable,False,False,483.3559989929199,483.36005210876465
1752496725.815992,322.16882705688477,True,,200,2,net income,False,False,322.16882705688477,322.16882705688477
1752496726.4005399,421.0810661315918,True,,200,2,cash flow,False,False,421.0638999938965,421.0810661315918
1752496726.402197,310.12725830078125,True,,200,2,operating expenses,False,False,310.1193904876709,310.12725830078125
1752496726.922817,479.13289070129395,True,,200,2,total assets,False,False,479.1288375854492,479.13289070129395
1752496726.923243,250.0138282775879,True,,200,2,liability,False,False,250.01287460327148,250.0138282775879
1752496727.503201,537.4081134796143,True,,200,2,equity,False,False,537.4009609222412,537.4081134796143
1752496727.503778,293.3809757232666,True,,200,2,profit margin,False,False,293.3788299560547,293.3809757232666
1752496728.1421251,740.4158115386963,True,,200,2,revenue,False,False,740.3979301452637,740.4158115386963
1752496728.143768,374.55272674560547,True,,200,2,cost center,False,False,374.54795837402344,374.55272674560547
1752496728.983677,340.0728702545166,True,,200,2,accounts receivable,False,False,340.0697708129883,340.0728702545166
1752496728.9840388,577.0392417907715,True,,200,2,net income,False,False,577.038049697876,577.0392417907715
1752496729.662559,730.3800582885742,True,,200,2,cash flow,False,False,730.3681373596191,730.3800582885742
1752496729.663923,311.14792823791504,True,,200,2,operating expenses,False,False,311.1429214477539,311.14792823791504
1752496730.494483,377.7930736541748,True,,200,2,total assets,False,False,377.7759075164795,377.7930736541748
1752496730.496139,398.9548683166504,True,,200,2,liability,False,False,398.95009994506836,398.9548683166504
1752496731.049611,843.5578346252441,True,,200,2,equity,False,False,843.5547351837158,843.5578346252441
1752496731.049879,249.17984008789062,True,,200,2,profit margin,False,False,249.1779327392578,249.17984008789062
1752496731.994015,566.7030811309814,True,,200,2,revenue,False,False,566.6999816894531,566.7030811309814
1752496731.9943192,268.42379570007324,True,,200,2,cost center,False,False,268.42379570007324,268.42379570007324
1752496732.6612601,444.41890716552734,True,,200,2,accounts receivable,False,False,444.40317153930664,444.41890716552734
1752496732.6627488,401.9641876220703,True,,200,2,net income,False,False,401.9598960876465,401.9641876220703
1752496733.206539,410.9950065612793,True,,200,2,cash flow,False,False,410.9928607940674,410.9950065612793
1752496733.206771,365.59414863586426,True,,200,2,operating expenses,False,False,365.59414863586426,365.59414863586426
1752496733.7190678,575.7722854614258,True,,200,2,total assets,False,False,575.7551193237305,575.7722854614258
1752496733.7206988,308.05230140686035,True,,200,2,liability,False,False,308.0461025238037,308.05230140686035
1752496734.396011,400.850772857666,True,,200,2,equity,False,False,400.8467197418213,400.850772857666
1752496734.3963609,349.61628913879395,True,,200,2,profit margin,False,False,349.61509704589844,349.61628913879395
1752496734.898131,269.1991329193115,True,,200,2,revenue,False,False,269.1929340362549,269.1991329193115
1752496734.898779,521.3570594787598,True,,200,2,cost center,False,False,521.355152130127,521.3570594787598
1752496735.5213099,438.7180805206299,True,,200,2,accounts receivable,False,False,438.71378898620605,438.7180805206299
1752496735.5216992,319.03982162475586,True,,200,2,net income,False,False,319.03886795043945,319.03982162475586
1752496736.061447,533.5841178894043,True,,200,2,cash flow,False,False,533.5700511932373,533.5841178894043
1752496736.062588,297.5020408630371,True,,200,2,operating expenses,False,False,297.4979877471924,297.5020408630371
1752496736.6963358,297.54114151000977,True,,200,2,total assets,False,False,297.5349426269531,297.54114151000977
1752496736.697355,507.5719356536865,True,,200,2,liability,False,False,507.5678825378418,507.5719356536865
1752496737.306411,457.5779438018799,True,,200,2,equity,False,False,457.5629234313965,457.5779438018799
1752496737.308068,376.2998580932617,True,,200,2,profit margin,False,False,376.2948513031006,376.2998580932617
1752496737.865437,413.8510227203369,True,,200,2,revenue,False,False,413.84005546569824,413.8510227203369
1752496737.867049,464.94102478027344,True,,200,2,cost center,False,False,464.9360179901123,464.94102478027344
1752496738.43347,398.1649875640869,True,,200,2,accounts receivable,False,False,398.1509208679199,398.1649875640869
1752496738.435081,364.9311065673828,True,,200,2,net income,False,False,364.9270534515381,364.9311065673828
1752496738.932933,571.2747573852539,True,,200,2,cash flow,False,False,571.2628364562988,571.2747573852539
1752496738.9339561,289.6618843078613,True,,200,2,operating expenses,False,False,289.6590232849121,289.6618843078613
1752496739.605737,570.2199935913086,True,,200,2,total assets,False,False,570.2028274536133,570.2199935913086
1752496739.607425,281.9340229034424,True,,200,2,liability,False,False,281.92901611328125,281.9340229034424
1752496740.277424,569.5109367370605,True,,200,2,equity,False,False,569.4971084594727,569.5109367370605
1752496740.279045,306.0469627380371,True,,200,2,profit margin,False,False,306.03909492492676,306.0469627380371
1752496740.948124,438.34590911865234,True,,200,2,revenue,False,False,438.3411407470703,438.34590911865234
1752496740.948482,551.6338348388672,True,,200,2,cost center,False,False,551.6328811645508,551.6338348388672
1752496741.6013749,539.1030311584473,True,,200,2,accounts receivable,False,False,539.0961170196533,539.1030311584473
1752496741.6020339,334.0480327606201,True,,200,2,net income,False,False,334.0458869934082,334.0480327606201
1752496742.241963,415.30394554138184,True,,200,2,cash flow,False,False,415.28797149658203,415.30394554138184
1752496742.243584,412.63794898986816,True,,200,2,operating expenses,False,False,412.63270378112793,412.63794898986816
1752496742.758819,599.9758243560791,True,,200,2,total assets,False,False,599.9600887298584,599.9758243560791
1752496742.760541,309.48615074157715,True,,200,2,liability,False,False,309.478759765625,309.48615074157715
1752496743.459935,678.8210868835449,True,,200,2,equity,False,False,678.8179874420166,678.8210868835449
1752496743.4602292,283.505916595459,True,,200,2,profit margin,False,False,283.505916595459,283.505916595459
1752496744.239021,412.77003288269043,True,,200,2,revenue,False,False,412.7652645111084,412.77003288269043
1752496744.239455,392.78697967529297,True,,200,2,cost center,False,False,392.78483390808105,392.78697967529297
1752496744.753073,307.8272342681885,True,,200,2,accounts receivable,False,False,307.82103538513184,307.8272342681885
1752496744.75373,634.4609260559082,True,,200,2,net income,False,False,634.4587802886963,634.4609260559082
1752496745.4896388,386.95335388183594,True,,200,2,cash flow,False,False,386.9433403015137,386.95335388183594
1752496745.490931,355.30591011047363,True,,200,2,operating expenses,False,False,355.3018569946289,355.30591011047363
1752496745.977876,545.4819202423096,True,,200,2,total assets,False,False,545.4757213592529,545.4819202423096
1752496745.978464,370.84126472473145,True,,200,2,liability,False,False,370.837926864624,370.84126472473145
1752496746.6247418,651.7040729522705,True,,200,2,equity,False,False,651.6938209533691,651.7040729522705
1752496746.625739,347.97000885009766,True,,200,2,profit margin,False,False,347.96690940856934,347.97000885009766
1752496747.4437408,679.7161102294922,True,,200,2,revenue,False,False,679.7130107879639,679.7161102294922
1752496747.444026,290.65799713134766,True,,200,2,cost center,False,False,290.65585136413574,290.65799713134766
1752496748.2246609,382.33017921447754,True,,200,2,accounts receivable,False,False,382.31706619262695,382.33017921447754
1752496748.22612,385.66017150878906,True,,200,2,net income,False,False,385.65516471862793,385.66017150878906
1752496748.71299,494.6279525756836,True,,200,2,cash flow,False,False,494.62103843688965,494.6279525756836
1752496748.713535,358.0789566040039,True,,200,2,operating expenses,False,False,358.0758571624756,358.0789566040039
1752496749.30889,425.17590522766113,True,,200,2,total assets,False,False,425.1689910888672,425.17590522766113
1752496749.3096,396.7618942260742,True,,200,2,liability,False,False,396.7578411102295,396.7618942260742
1752496749.835395,630.465030670166,True,,200,2,equity,False,False,630.4531097412109,630.465030670166
1752496749.836404,305.4969310760498,True,,200,2,profit margin,False,False,305.49097061157227,305.4969310760498
1752496750.567292,442.0897960662842,True,,200,2,revenue,False,False,442.0788288116455,442.0897960662842
1752496750.568532,339.4010066986084,True,,200,2,cost center,False,False,339.39480781555176,339.4010066986084
1752496751.110848,475.754976272583,True,,200,2,accounts receivable,False,False,475.7387638092041,475.754976272583
1752496751.112271,382.74097442626953,True,,200,2,net income,False,False,382.7340602874756,382.74097442626953
1752496751.687977,274.1727828979492,True,,200,2,cash flow,False,False,274.16300773620605,274.1727828979492
1752496751.689059,657.351016998291,True,,200,2,operating expenses,False,False,657.3472023010254,657.351016998291
1752496752.447742,489.6109104156494,True,,200,2,total assets,False,False,489.60375785827637,489.6109104156494
1752496752.4483972,387.97593116760254,True,,200,2,liability,False,False,387.9740238189697,387.97593116760254
1752496753.0385642,527.5027751922607,True,,200,2,equity,False,False,527.4970531463623,527.5027751922607
1752496753.039082,300.0359535217285,True,,200,2,profit margin,False,False,300.0328540802002,300.0359535217285
1752496755.689603,3269.012928009033,True,,200,5,revenue,False,False,3269.0069675445557,3269.012928009033
1752496755.6900969,3156.373977661133,True,,200,5,cost center,False,False,3156.371831893921,3156.373977661133
1752496755.690326,255.20896911621094,True,,200,5,accounts receivable,False,False,255.20801544189453,255.20896911621094
1752496755.6905081,3404.265880584717,True,,200,5,net income,False,False,3404.2649269104004,3404.265880584717
1752496755.6906822,2996.9727993011475,True,,200,5,cash flow,False,False,2996.9727993011475,2996.9727993011475
1752496759.195518,955.5869102478027,True,,200,5,operating expenses,False,False,955.5728435516357,955.5869102478027
1752496759.1967528,1161.2601280212402,True,,200,5,total assets,False,False,1161.257028579712,1161.2601280212402
1752496759.197431,838.8609886169434,True,,200,5,liability,False,False,838.8581275939941,838.8609886169434
1752496759.197985,915.8432483673096,True,,200,5,equity,False,False,915.8411026000977,915.8432483673096
1752496759.201532,685.4391098022461,True,,200,5,profit margin,False,False,685.4350566864014,685.4391098022461
1752496760.525169,502.0883083343506,True,,200,5,revenue,False,False,502.08520889282227,502.0883083343506
1752496760.52548,819.2028999328613,True,,200,5,cost center,False,False,819.2028999328613,819.2028999328613
1752496760.525662,696.6121196746826,True,,200,5,accounts receivable,False,False,696.6121196746826,696.6121196746826
1752496760.525833,1097.1651077270508,True,,200,5,net income,False,False,1097.1641540527344,1097.1651077270508
1752496760.52597,811.0818862915039,True,,200,5,cash flow,False,False,811.0818862915039,811.0818862915039
1752496761.7242272,857.5077056884766,True,,200,5,operating expenses,False,False,857.5050830841064,857.5077056884766
1752496761.7246778,689.4063949584961,True,,200,5,total assets,False,False,689.4052028656006,689.4063949584961
1752496761.724986,885.1988315582275,True,,200,5,liability,False,False,885.1981163024902,885.1988315582275
1752496761.725281,798.4659671783447,True,,200,5,equity,False,False,798.4650135040283,798.4659671783447
1752496761.7255669,498.7342357635498,True,,200,5,profit margin,False,False,498.7330436706543,498.7342357635498
1752496762.710678,988.9719486236572,True,,200,5,revenue,False,False,988.9700412750244,988.9719486236572
1752496762.71094,685.8549118041992,True,,200,5,cost center,False,False,685.8541965484619,685.8549118041992
1752496762.7111099,712.5391960144043,True,,200,5,accounts receivable,False,False,712.5382423400879,712.5391960144043
1752496762.711276,1079.470157623291,True,,200,5,net income,False,False,1079.4689655303955,1079.470157623291
1752496762.711422,432.1479797363281,True,,200,5,cash flow,False,False,432.1470260620117,432.1479797363281
1752496763.891917,628.1960010528564,True,,200,5,operating expenses,False,False,628.1931400299072,628.1960010528564
1752496763.892371,1013.4720802307129,True,,200,5,total assets,False,False,1013.469934463501,1013.4720802307129
1752496763.8926961,863.8267517089844,True,,200,5,liability,False,False,863.825798034668,863.8267517089844
1752496763.892995,969.8748588562012,True,,200,5,equity,False,False,969.8739051818848,969.8748588562012
1752496763.8932722,604.2618751525879,True,,200,5,profit margin,False,False,604.2609214782715,604.2618751525879
1752496765.0071301,1019.6568965911865,True,,200,5,revenue,False,False,1019.6521282196045,1019.6568965911865
1752496765.00771,1130.3610801696777,True,,200,5,cost center,False,False,1130.359172821045,1130.3610801696777
1752496765.008074,935.0998401641846,True,,200,5,accounts receivable,False,False,935.0981712341309,935.0998401641846
1752496765.008385,916.8980121612549,True,,200,5,net income,False,False,916.895866394043,916.8980121612549
1752496765.008662,313.9829635620117,True,,200,5,cash flow,False,False,313.9820098876953,313.9829635620117
1752496766.2395678,1000.9162425994873,True,,200,5,operating expenses,False,False,1000.9000301361084,1000.9162425994873
1752496766.241566,827.282190322876,True,,200,5,total assets,False,False,827.2731304168701,827.282190322876
1752496766.242332,765.1760578155518,True,,200,5,liability,False,False,765.1729583740234,765.1760578155518
1752496766.2429209,764.4932270050049,True,,200,5,equity,False,False,764.491081237793,764.4932270050049
1752496766.243509,572.5209712982178,True,,200,5,profit margin,False,False,572.5178718566895,572.5209712982178
1752496767.342016,841.9430255889893,True,,200,5,revenue,False,False,841.9299125671387,841.9430255889893
1752496767.343734,618.6938285827637,True,,200,5,cost center,False,False,618.6869144439697,618.6938285827637
1752496767.345006,810.6570243835449,True,,200,5,accounts receivable,False,False,810.6520175933838,810.6570243835449
1752496767.345972,754.6308040618896,True,,200,5,net income,False,False,754.6279430389404,754.6308040618896
1752496767.346569,906.0897827148438,True,,200,5,cash flow,False,False,906.0878753662109,906.0897827148438
1752496768.354131,413.88583183288574,True,,200,5,operating expenses,False,False,413.87081146240234,413.88583183288574
1752496768.3560069,858.997106552124,True,,200,5,total assets,False,False,858.9909076690674,858.997106552124
1752496768.357135,841.0749435424805,True,,200,5,liability,False,False,841.0711288452148,841.0749435424805
1752496768.357943,1015.44189453125,True,,200,5,equity,False,False,1015.4397487640381,1015.44189453125
1752496768.358458,634.8319053649902,True,,200,5,profit margin,False,False,634.8299980163574,634.8319053649902
1752496769.474771,859.839916229248,True,,200,5,revenue,False,False,859.8310947418213,859.839916229248
1752496769.476345,386.8670463562012,True,,200,5,cost center,False,False,386.8598937988281,386.8670463562012
1752496769.476821,824.2859840393066,True,,200,5,accounts receivable,False,False,824.2828845977783,824.2859840393066
1752496769.477227,886.038064956665,True,,200,5,net income,False,False,886.0349655151367,886.038064956665
1752496769.477909,691.612720489502,True,,200,5,cash flow,False,False,691.6108131408691,691.612720489502
1752496770.4645839,905.8661460876465,True,,200,5,operating expenses,False,False,905.8549404144287,905.8661460876465
1752496770.465493,809.4220161437988,True,,200,5,total assets,False,False,809.4198703765869,809.4220161437988
1752496770.465985,904.5648574829102,True,,200,5,liability,False,False,904.5639038085938,904.5648574829102
1752496770.4663801,903.95188331604,True,,200,5,equity,False,False,903.9509296417236,903.95188331604
1752496770.466744,472.09811210632324,True,,200,5,profit margin,False,False,472.09692001342773,472.09811210632324
1752496771.471148,983.5247993469238,True,,200,5,revenue,False,False,983.5207462310791,983.5247993469238
1752496771.471605,848.9539623260498,True,,200,5,cost center,False,False,848.952054977417,848.9539623260498
1752496771.471898,727.4649143218994,True,,200,5,accounts receivable,False,False,727.4630069732666,727.4649143218994
1752496771.472171,427.2339344024658,True,,200,5,net income,False,False,427.2329807281494,427.2339344024658
1752496771.476228,978.5699844360352,True,,200,5,cash flow,False,False,978.5687923431396,978.5699844360352
1752496772.5559838,480.53503036499023,True,,200,5,operating expenses,False,False,480.5307388305664,480.53503036499023
1752496772.556452,987.8520965576172,True,,200,5,total assets,False,False,987.8509044647217,987.8520965576172
1752496772.5567338,631.2961578369141,True,,200,5,liability,False,False,631.2949657440186,631.2961578369141
1752496772.556996,1039.8638248443604,True,,200,5,equity,False,False,1039.8619174957275,1039.8638248443604
1752496772.557249,986.9461059570312,True,,200,5,profit margin,False,False,986.9461059570312,986.9461059570312
1752496773.698164,632.0919990539551,True,,200,5,revenue,False,False,632.0858001708984,632.0919990539551
1752496773.698837,612.8449440002441,True,,200,5,cost center,False,False,612.8430366516113,612.8449440002441
1752496773.699182,938.9960765838623,True,,200,5,accounts receivable,False,False,938.9939308166504,938.9960765838623
1752496773.699466,989.7949695587158,True,,200,5,net income,False,False,989.7928237915039,989.7949695587158
1752496773.6997461,538.6488437652588,True,,200,5,cash flow,False,False,538.6478900909424,538.6488437652588
1752496774.790581,707.0000171661377,True,,200,5,operating expenses,False,False,706.9909572601318,707.0000171661377
1752496774.7915788,1054.0363788604736,True,,200,5,total assets,False,False,1054.0332794189453,1054.0363788604736
1752496774.7921631,925.1558780670166,True,,200,5,liability,False,False,925.1539707183838,925.1558780670166
1752496774.7925088,933.941125869751,True,,200,5,equity,False,False,933.9389801025391,933.941125869751
1752496774.792823,364.49694633483887,True,,200,5,profit margin,False,False,364.49599266052246,364.49694633483887
1752496775.946753,972.6400375366211,True,,200,5,revenue,False,False,972.6369380950928,972.6400375366211
1752496775.9471009,522.1230983734131,True,,200,5,cost center,False,False,522.1209526062012,522.1230983734131
1752496775.947358,690.9282207489014,True,,200,5,accounts receivable,False,False,690.9270286560059,690.9282207489014
1752496775.947603,850.8410453796387,True,,200,5,net income,False,False,850.8400917053223,850.8410453796387
1752496775.947799,722.1798896789551,True,,200,5,cash flow,False,False,722.1779823303223,722.1798896789551
1752496777.020603,774.8689651489258,True,,200,5,operating expenses,False,False,774.8639583587646,774.8689651489258
1752496777.0211542,871.1438179016113,True,,200,5,total assets,False,False,871.1428642272949,871.1438179016113
1752496777.0214221,1053.7488460540771,True,,200,5,liability,False,False,1053.7488460540771,1053.7488460540771
1752496777.021634,606.2667369842529,True,,200,5,equity,False,False,606.2657833099365,606.2667369842529
1752496777.021821,580.5470943450928,True,,200,5,profit margin,False,False,580.5470943450928,580.5470943450928
1752496778.176669,686.5463256835938,True,,200,5,revenue,False,False,686.5372657775879,686.5463256835938
1752496778.178208,970.8709716796875,True,,200,5,cost center,False,False,970.8640575408936,970.8709716796875
1752496778.1790988,866.4450645446777,True,,200,5,accounts receivable,False,False,866.4398193359375,866.4450645446777
1752496778.179735,797.9381084442139,True,,200,5,net income,False,False,797.935962677002,797.9381084442139
1752496778.180296,534.8989963531494,True,,200,5,cash flow,False,False,534.8961353302002,534.8989963531494
1752496779.2503521,874.4499683380127,True,,200,5,operating expenses,False,False,874.4440078735352,874.4499683380127
1752496779.251064,670.7000732421875,True,,200,5,total assets,False,False,670.6962585449219,670.7000732421875
1752496779.251449,817.9008960723877,True,,200,5,liability,False,False,817.8999423980713,817.9008960723877
1752496779.251793,816.6570663452148,True,,200,5,equity,False,False,816.6561126708984,816.6570663452148
1752496779.252104,816.4341449737549,True,,200,5,profit margin,False,False,816.4331912994385,816.4341449737549
1752496780.226076,681.7471981048584,True,,200,5,revenue,False,False,681.7362308502197,681.7471981048584
1752496780.226866,623.1629848480225,True,,200,5,cost center,False,False,623.162031173706,623.1629848480225
1752496780.227251,922.731876373291,True,,200,5,accounts receivable,False,False,922.7309226989746,922.731876373291
1752496780.227597,922.5180149078369,True,,200,5,net income,False,False,922.5168228149414,922.5180149078369
1752496780.2279239,466.7389392852783,True,,200,5,cash flow,False,False,466.7377471923828,466.7389392852783
1752496781.251272,833.4729671478271,True,,200,5,operating expenses,False,False,833.4698677062988,833.4729671478271
1752496781.251727,885.6117725372314,True,,200,5,total assets,False,False,885.6098651885986,885.6117725372314
1752496781.252047,801.685094833374,True,,200,5,liability,False,False,801.6843795776367,801.685094833374
1752496781.252336,970.0398445129395,True,,200,5,equity,False,False,970.038890838623,970.0398445129395
1752496781.252707,496.1848258972168,True,,200,5,profit margin,False,False,496.1819648742676,496.1848258972168
1752496782.3235142,997.4977970123291,True,,200,5,revenue,False,False,997.495174407959,997.4977970123291
1752496782.323908,843.0109024047852,True,,200,5,cost center,False,False,843.0089950561523,843.0109024047852
1752496782.324181,1084.465742111206,True,,200,5,accounts receivable,False,False,1084.465742111206,1084.465742111206
1752496782.3244338,777.2312164306641,True,,200,5,net income,False,False,777.2300243377686,777.2312164306641
1752496782.3246772,596.63987159729,True,,200,5,cash flow,False,False,596.6370105743408,596.63987159729
1752496783.510033,1039.7531986236572,True,,200,5,operating expenses,False,False,1039.7422313690186,1039.7531986236572
1752496783.511163,619.2059516906738,True,,200,5,total assets,False,False,619.204044342041,619.2059516906738
1752496783.511796,500.51307678222656,True,,200,5,liability,False,False,500.51116943359375,500.51307678222656
1752496783.5123541,744.1017627716064,True,,200,5,equity,False,False,744.0998554229736,744.1017627716064
1752496783.5129972,898.0166912078857,True,,200,5,profit margin,False,False,898.0138301849365,898.0166912078857
1752496784.651208,854.0551662445068,True,,200,5,revenue,False,False,854.046106338501,854.0551662445068
1752496784.652844,901.392936706543,True,,200,5,cost center,False,False,901.3886451721191,901.392936706543
1752496784.653813,562.4918937683105,True,,200,5,accounts receivable,False,False,562.4876022338867,562.4918937683105
1752496784.654729,1098.1619358062744,True,,200,5,net income,False,False,1098.1597900390625,1098.1619358062744
1752496784.655228,572.4930763244629,True,,200,5,cash flow,False,False,572.4921226501465,572.4930763244629
1752496787.873198,3125.314950942993,True,,200,10,revenue,False,False,3125.308036804199,3125.314950942993
1752496787.873643,2087.022066116333,True,,200,10,cost center,False,False,2087.019920349121,2087.022066116333
1752496787.873861,2086.9998931884766,True,,200,10,accounts receivable,False,False,2086.9991779327393,2086.9998931884766
1752496787.874051,1508.5277557373047,True,,200,10,net income,False,False,1508.5268020629883,1508.5277557373047
1752496787.874225,947.5870132446289,True,,200,10,cash flow,False,False,947.5870132446289,947.5870132446289
1752496787.874395,515.9962177276611,True,,200,10,operating expenses,False,False,515.9940719604492,515.9962177276611
1752496787.87457,2086.9991779327393,True,,200,10,total assets,False,False,2086.9979858398438,2086.9991779327393
1752496787.874739,1509.748935699463,True,,200,10,liability,False,False,1509.748935699463,1509.748935699463
1752496787.8749042,2086.4157676696777,True,,200,10,equity,False,False,2086.4148139953613,2086.4157676696777
1752496787.875081,1509.0978145599365,True,,200,10,profit margin,False,False,1509.0968608856201,1509.0978145599365
1752496791.09966,1515.477180480957,True,,200,10,revenue,False,False,1515.4740810394287,1515.477180480957
1752496791.100045,424.55196380615234,True,,200,10,cost center,False,False,424.55077171325684,424.55196380615234
1752496791.100251,1571.3260173797607,True,,200,10,accounts receivable,False,False,1571.3260173797607,1571.3260173797607
1752496791.100461,1570.857048034668,True,,200,10,net income,False,False,1570.857048034668,1570.857048034668
1752496791.100657,1569.4811344146729,True,,200,10,cash flow,False,False,1569.4811344146729,1569.4811344146729
1752496791.100821,1745.1188564300537,True,,200,10,operating expenses,False,False,1745.116949081421,1745.1188564300537
1752496791.1010182,2535.778760910034,True,,200,10,total assets,False,False,2535.778760910034,2535.778760910034
1752496791.101187,432.9209327697754,True,,200,10,liability,False,False,432.9209327697754,432.9209327697754
1752496791.101367,2535.7940196990967,True,,200,10,equity,False,False,2535.7940196990967,2535.7940196990967
1752496791.101558,1596.848964691162,True,,200,10,profit margin,False,False,1596.848964691162,1596.848964691162
1752496793.738749,1361.691951751709,True,,200,10,revenue,False,False,1361.6812229156494,1361.691951751709
1752496793.740653,1129.4410228729248,True,,200,10,cost center,False,False,1129.4350624084473,1129.4410228729248
1752496793.741507,1813.2591247558594,True,,200,10,accounts receivable,False,False,1813.2569789886475,1813.2591247558594
1752496793.742443,1810.7268810272217,True,,200,10,net income,False,False,1810.7218742370605,1810.7268810272217
1752496793.74354,1810.8899593353271,True,,200,10,cash flow,False,False,1810.8859062194824,1810.8899593353271
1752496793.744412,647.0918655395508,True,,200,10,operating expenses,False,False,647.089958190918,647.0918655395508
1752496793.745224,1544.7289943695068,True,,200,10,total assets,False,False,1544.727087020874,1544.7289943695068
1752496793.746059,632.0991516113281,True,,200,10,liability,False,False,632.0960521697998,632.0991516113281
1752496793.746923,1543.1900024414062,True,,200,10,equity,False,False,1543.1878566741943,1543.1900024414062
1752496793.747725,1046.9799041748047,True,,200,10,profit margin,False,False,1046.9777584075928,1046.9799041748047
1752496795.656377,1452.1269798278809,True,,200,10,revenue,False,False,1452.1169662475586,1452.1269798278809
1752496795.6586199,844.9599742889404,True,,200,10,cost center,False,False,844.9547290802002,844.9599742889404
1752496795.6600971,1420.9787845611572,True,,200,10,accounts receivable,False,False,1420.975923538208,1420.9787845611572
1752496795.660953,1418.3828830718994,True,,200,10,net income,False,False,1418.3809757232666,1418.3828830718994
1752496795.66174,1418.910026550293,True,,200,10,cash flow,False,False,1418.9081192016602,1418.910026550293
1752496795.662647,1144.1199779510498,True,,200,10,operating expenses,False,False,1144.117832183838,1144.1199779510498
1752496795.663434,2137.4478340148926,True,,200,10,total assets,False,False,2137.4459266662598,2137.4478340148926
1752496795.664172,878.9401054382324,True,,200,10,liability,False,False,878.9379596710205,878.9401054382324
1752496795.664895,2137.099027633667,True,,200,10,equity,False,False,2137.0980739593506,2137.099027633667
1752496795.665707,1151.503086090088,True,,200,10,profit margin,False,False,1151.4990329742432,1151.503086090088
1752496797.903556,446.760892868042,True,,200,10,revenue,False,False,446.75183296203613,446.760892868042
1752496797.905623,1008.2261562347412,True,,200,10,cost center,False,False,1008.2211494445801,1008.2261562347412
1752496797.906622,1897.0282077789307,True,,200,10,accounts receivable,False,False,1897.022008895874,1897.0282077789307
1752496797.9075708,1895.8783149719238,True,,200,10,net income,False,False,1895.8709239959717,1895.8783149719238
1752496797.908407,1895.570993423462,True,,200,10,cash flow,False,False,1895.5678939819336,1895.570993423462
1752496797.909146,1483.1218719482422,True,,200,10,operating expenses,False,False,1483.1149578094482,1483.1218719482422
1752496797.909915,2121.407985687256,True,,200,10,total assets,False,False,2121.4048862457275,2121.407985687256
1752496797.9106529,1018.5871124267578,True,,200,10,liability,False,False,1018.5859203338623,1018.5871124267578
1752496797.911353,2119.515895843506,True,,200,10,equity,False,False,2119.5149421691895,2119.515895843506
1752496797.9120388,1313.8623237609863,True,,200,10,profit margin,False,False,1313.8601779937744,1313.8623237609863
1752496800.132698,1810.703992843628,True,,200,10,revenue,False,False,1810.6980323791504,1810.703992843628
1752496800.134036,1082.6208591461182,True,,200,10,cost center,False,False,1082.615852355957,1082.6208591461182
1752496800.1353621,1898.3378410339355,True,,200,10,accounts receivable,False,False,1898.3330726623535,1898.3378410339355
1752496800.136449,1896.3549137115479,True,,200,10,net income,False,False,1896.353006362915,1896.3549137115479
1752496800.1371891,1896.2898254394531,True,,200,10,cash flow,False,False,1896.286964416504,1896.2898254394531
1752496800.137843,827.7161121368408,True,,200,10,operating expenses,False,False,827.7149200439453,827.7161121368408
1752496800.138507,1422.5239753723145,True,,200,10,total assets,False,False,1422.522783279419,1422.5239753723145
1752496800.1391559,1103.3470630645752,True,,200,10,liability,False,False,1103.3449172973633,1103.3470630645752
1752496800.1398091,1422.0499992370605,True,,200,10,equity,False,False,1422.0478534698486,1422.0499992370605
1752496800.14045,716.7072296142578,True,,200,10,profit margin,False,False,716.7062759399414,716.7072296142578
1752496802.135045,2062.3040199279785,True,,200,10,revenue,False,False,2062.298059463501,2062.3040199279785
1752496802.136044,818.5248374938965,True,,200,10,cost center,False,False,818.5226917266846,818.5248374938965
1752496802.136651,1944.6959495544434,True,,200,10,accounts receivable,False,False,1944.6940422058105,1944.6959495544434
1752496802.137307,1943.8629150390625,True,,200,10,net income,False,False,1943.8610076904297,1943.8629150390625
1752496802.137901,1943.6938762664795,True,,200,10,cash flow,False,False,1943.6917304992676,1943.6938762664795
1752496802.1384058,1258.451223373413,True,,200,10,operating expenses,False,False,1258.4500312805176,1258.451223373413
1752496802.13888,1926.2020587921143,True,,200,10,total assets,False,False,1926.2011051177979,1926.2020587921143
1752496802.139355,418.64013671875,True,,200,10,liability,False,False,418.6391830444336,418.64013671875
1752496802.139822,1925.5869388580322,True,,200,10,equity,False,False,1925.5857467651367,1925.5869388580322
1752496802.1402838,814.6622180938721,True,,200,10,profit margin,False,False,814.6610260009766,814.6622180938721
1752496804.298827,1166.2652492523193,True,,200,10,revenue,False,False,1166.2561893463135,1166.2652492523193
1752496804.300747,1429.224967956543,True,,200,10,cost center,False,False,1429.2149543762207,1429.224967956543
1752496804.30177,1942.615032196045,True,,200,10,accounts receivable,False,False,1942.6097869873047,1942.615032196045
1752496804.3025348,1941.5302276611328,True,,200,10,net income,False,False,1941.528081893921,1941.5302276611328
1752496804.303325,1940.8950805664062,True,,200,10,cash flow,False,False,1940.8929347991943,1940.8950805664062
1752496804.304045,449.8021602630615,True,,200,10,operating expenses,False,False,449.8000144958496,449.8021602630615
1752496804.304748,1207.507848739624,True,,200,10,total assets,False,False,1207.5059413909912,1207.507848739624
1752496804.305418,1136.9359493255615,True,,200,10,liability,False,False,1136.9340419769287,1136.9359493255615
1752496804.3061812,1206.5479755401611,True,,200,10,equity,False,False,1206.5463066101074,1206.5479755401611
1752496804.307071,1450.8941173553467,True,,200,10,profit margin,False,False,1450.8919715881348,1450.8941173553467
1752496806.3456352,2245.3577518463135,True,,200,10,revenue,False,False,2245.3529834747314,2245.3577518463135
1752496806.346281,1135.0650787353516,True,,200,10,cost center,False,False,1135.0629329681396,1135.0650787353516
1752496806.346632,1702.8920650482178,True,,200,10,accounts receivable,False,False,1702.8908729553223,1702.8920650482178
1752496806.3469598,1701.0290622711182,True,,200,10,net income,False,False,1701.0290622711182,1701.0290622711182
1752496806.347278,1702.7289867401123,True,,200,10,cash flow,False,False,1702.7268409729004,1702.7289867401123
1752496806.3475819,1019.6681022644043,True,,200,10,operating expenses,False,False,1019.6669101715088,1019.6681022644043
1752496806.3479161,2084.6028327941895,True,,200,10,total assets,False,False,2084.5999717712402,2084.6028327941895
1752496806.3483362,641.4997577667236,True,,200,10,liability,False,False,641.4990425109863,641.4997577667236
1752496806.348703,2084.012031555176,True,,200,10,equity,False,False,2084.0108394622803,2084.012031555176
1752496806.349073,616.9099807739258,True,,200,10,profit margin,False,False,616.9099807739258,616.9099807739258
1752496808.692429,1465.8629894256592,True,,200,10,revenue,False,False,1465.8539295196533,1465.8629894256592
1752496808.694026,621.1259365081787,True,,200,10,cost center,False,False,621.1209297180176,621.1259365081787
1752496808.694915,1550.5621433258057,True,,200,10,accounts receivable,False,False,1550.5588054656982,1550.5621433258057
1752496808.695621,1549.5851039886475,True,,200,10,net income,False,False,1549.5820045471191,1549.5851039886475
1752496808.696268,1549.6740341186523,True,,200,10,cash flow,False,False,1549.670934677124,1549.6740341186523
1752496808.6968992,471.2996482849121,True,,200,10,operating expenses,False,False,471.2967872619629,471.2996482849121
1752496808.697599,1633.9902877807617,True,,200,10,total assets,False,False,1633.9881420135498,1633.9902877807617
1752496808.698304,1453.9179801940918,True,,200,10,liability,False,False,1453.9158344268799,1453.9179801940918
1752496808.6990879,1632.059097290039,True,,200,10,equity,False,False,1632.0559978485107,1632.059097290039
1752496808.69979,2083.3728313446045,True,,200,10,profit margin,False,False,2083.3709239959717,2083.3728313446045
1752496810.884374,500.97012519836426,True,,200,10,revenue,False,False,500.96702575683594,500.97012519836426
1752496810.884715,491.1649227142334,True,,200,10,cost center,False,False,491.163969039917,491.1649227142334
1752496810.884937,1494.5299625396729,True,,200,10,accounts receivable,False,False,1494.5290088653564,1494.5299625396729
1752496810.8851578,1493.9932823181152,True,,200,10,net income,False,False,1493.9932823181152,1493.9932823181152
1752496810.885365,1492.5050735473633,True,,200,10,cash flow,False,False,1492.5050735473633,1492.5050735473633
1752496810.885568,1255.3212642669678,True,,200,10,operating expenses,False,False,1255.3212642669678,1255.3212642669678
1752496810.885781,2300.995111465454,True,,200,10,total assets,False,False,2300.995111465454,2300.995111465454
1752496810.885972,1253.3581256866455,True,,200,10,liability,False,False,1253.3581256866455,1253.3581256866455
1752496810.886183,2301.4118671417236,True,,200,10,equity,False,False,2301.4118671417236,2301.4118671417236
1752496810.886954,723.2780456542969,True,,200,10,profit margin,False,False,723.275899887085,723.2780456542969
1752496813.289222,1585.77299118042,True,,200,10,revenue,False,False,1585.7560634613037,1585.77299118042
1752496813.291593,1189.5959377288818,True,,200,10,cost center,False,False,1189.5899772644043,1189.5959377288818
1752496813.292753,1910.559892654419,True,,200,10,accounts receivable,False,False,1910.5567932128906,1910.559892654419
1752496813.2936032,1907.545804977417,True,,200,10,net income,False,False,1907.5438976287842,1907.545804977417
1752496813.2944682,1909.4369411468506,True,,200,10,cash flow,False,False,1909.4340801239014,1909.4369411468506
1752496813.29525,922.1160411834717,True,,200,10,operating expenses,False,False,922.1138954162598,922.1160411834717
1752496813.296017,1545.9392070770264,True,,200,10,total assets,False,False,1545.936107635498,1545.9392070770264
1752496813.2967849,1161.2370014190674,True,,200,10,liability,False,False,1161.2348556518555,1161.2370014190674
1752496813.2976131,1543.8897609710693,True,,200,10,equity,False,False,1543.8871383666992,1543.8897609710693
1752496813.298558,609.4939708709717,True,,200,10,profit margin,False,False,609.4920635223389,609.4939708709717
1752496815.305102,1298.3179092407227,True,,200,10,revenue,False,False,1298.313856124878,1298.3179092407227
1752496815.305654,442.0201778411865,True,,200,10,cost center,False,False,442.0182704925537,442.0201778411865
1752496815.3060071,1326.401948928833,True,,200,10,accounts receivable,False,False,1326.4009952545166,1326.401948928833
1752496815.306326,1325.8671760559082,True,,200,10,net income,False,False,1325.8659839630127,1325.8671760559082
1752496815.30663,1326.139211654663,True,,200,10,cash flow,False,False,1326.1382579803467,1326.139211654663
1752496815.3069382,1516.0279273986816,True,,200,10,operating expenses,False,False,1516.0279273986816,1516.0279273986816
1752496815.30723,2005.9828758239746,True,,200,10,total assets,False,False,2005.9828758239746,2005.9828758239746
1752496815.307515,1122.969150543213,True,,200,10,liability,False,False,1122.969150543213,1122.969150543213
1752496815.307795,2006.0498714447021,True,,200,10,equity,False,False,2006.0498714447021,2006.0498714447021
1752496815.308146,749.2320537567139,True,,200,10,profit margin,False,False,749.2311000823975,749.2320537567139
1752496817.4153678,1421.9410419464111,True,,200,10,revenue,False,False,1421.9257831573486,1421.9410419464111
1752496817.417484,966.4068222045898,True,,200,10,cost center,False,False,966.4020538330078,966.4068222045898
1752496817.4187,1572.8919506072998,True,,200,10,accounts receivable,False,False,1572.887897491455,1572.8919506072998
1752496817.4195578,1569.413185119629,True,,200,10,net income,False,False,1569.4091320037842,1569.413185119629
1752496817.420361,1571.7909336090088,True,,200,10,cash flow,False,False,1571.789026260376,1571.7909336090088
1752496817.421325,1016.7288780212402,True,,200,10,operating expenses,False,False,1016.726016998291,1016.7288780212402
1752496817.4221299,2283.959150314331,True,,200,10,total assets,False,False,2283.957004547119,2283.959150314331
1752496817.422859,846.5118408203125,True,,200,10,liability,False,False,846.5087413787842,846.5118408203125
1752496817.423636,2281.75687789917,True,,200,10,equity,False,False,2281.754732131958,2281.75687789917
1752496817.424392,553.5869598388672,True,,200,10,profit margin,False,False,553.5850524902344,553.5869598388672
1752496821.828628,4261.386871337891,True,,200,20,revenue,False,False,4261.379957199097,4261.386871337891
1752496821.829099,1642.6019668579102,True,,200,20,cost center,False,False,1642.5988674163818,1642.6019668579102
1752496821.829321,3562.8459453582764,True,,200,20,accounts receivable,False,False,3562.842845916748,3562.8459453582764
1752496821.829512,1328.740119934082,True,,200,20,net income,False,False,1328.7389278411865,1328.740119934082
1752496821.829688,4261.592864990234,True,,200,20,cash flow,False,False,4261.5907192230225,4261.592864990234
1752496821.8298628,4260.054111480713,True,,200,20,operating expenses,False,False,4260.052919387817,4260.054111480713
1752496821.8300421,3562.9348754882812,True,,200,20,total assets,False,False,3562.934160232544,3562.9348754882812
1752496821.830225,2952.1279335021973,True,,200,20,liability,False,False,2952.1279335021973,2952.1279335021973
1752496821.830393,3279.6130180358887,True,,200,20,equity,False,False,3279.6130180358887,3279.6130180358887
1752496821.830559,1201.1268138885498,True,,200,20,profit margin,False,False,1201.1258602142334,1201.1268138885498
1752496821.83071,824.4302272796631,True,,200,20,revenue,False,False,824.4290351867676,824.4302272796631
1752496821.8308558,1855.7109832763672,True,,200,20,cost center,False,False,1855.7097911834717,1855.7109832763672
1752496821.8310132,3129.793643951416,True,,200,20,accounts receivable,False,False,3129.7926902770996,3129.793643951416
1752496821.831167,3279.4082164764404,True,,200,20,net income,False,False,3279.407262802124,3279.4082164764404
1752496821.831326,3273.5321521759033,True,,200,20,cash flow,False,False,3273.531198501587,3273.5321521759033
1752496821.8314738,1180.7901859283447,True,,200,20,operating expenses,False,False,1180.7889938354492,1180.7901859283447
1752496821.831628,3280.772924423218,True,,200,20,total assets,False,False,3280.770778656006,3280.772924423218
1752496821.8317802,4258.952856063843,True,,200,20,liability,False,False,4258.951902389526,4258.952856063843
1752496821.8319318,3129.611015319824,True,,200,20,equity,False,False,3129.6098232269287,3129.611015319824
1752496821.834838,3276.973247528076,True,,200,20,profit margin,False,False,3276.9689559936523,3276.973247528076
1752496826.1930869,1541.7699813842773,True,,200,20,revenue,False,False,1541.7537689208984,1541.7699813842773
1752496826.195701,3663.072109222412,True,,200,20,cost center,False,False,3663.0678176879883,3663.072109222412
1752496826.19721,2578.032970428467,True,,200,20,accounts receivable,False,False,2578.0301094055176,2578.032970428467
1752496826.198396,3613.8510704040527,True,,200,20,net income,False,False,3613.84916305542,3613.8510704040527
1752496826.1995761,5196.799993515015,True,,200,20,cash flow,False,False,5196.798086166382,5196.799993515015
1752496826.200736,3612.2658252716064,True,,200,20,operating expenses,False,False,3612.262964248657,3612.2658252716064
1752496826.2017732,2048.323631286621,True,,200,20,total assets,False,False,2048.321008682251,2048.323631286621
1752496826.202879,1066.1780834197998,True,,200,20,liability,False,False,1066.175937652588,1066.1780834197998
1752496826.203799,783.0650806427002,True,,200,20,equity,False,False,783.0629348754883,783.0650806427002
1752496826.204602,5191.257953643799,True,,200,20,profit margin,False,False,5191.256999969482,5191.257953643799
1752496826.205386,4143.797159194946,True,,200,20,revenue,False,False,4143.795967102051,4143.797159194946
1752496826.206159,3605.815887451172,True,,200,20,cost center,False,False,3605.8151721954346,3605.815887451172
1752496826.20698,1069.5960521697998,True,,200,20,accounts receivable,False,False,1069.5948600769043,1069.5960521697998
1752496826.207742,4140.92493057251,True,,200,20,net income,False,False,4140.923976898193,4140.92493057251
1752496826.208746,4140.168905258179,True,,200,20,cash flow,False,False,4140.164852142334,4140.168905258179
1752496826.209746,4139.996290206909,True,,200,20,operating expenses,False,False,4139.993190765381,4139.996290206909
1752496826.210582,1482.0458889007568,True,,200,20,total assets,False,False,1482.043743133545,1482.0458889007568
1752496826.211338,3601.915121078491,True,,200,20,liability,False,False,3601.914167404175,3601.915121078491
1752496826.2120478,4137.198209762573,True,,200,20,equity,False,False,4137.197017669678,4137.198209762573
1752496826.212676,1325.5791664123535,True,,200,20,profit margin,False,False,1325.5770206451416,1325.5791664123535
1752496831.497806,616.4360046386719,True,,200,20,revenue,False,False,616.4302825927734,616.4360046386719
1752496831.49904,2250.3821849823,True,,200,20,cost center,False,False,2250.3790855407715,2250.3821849823
1752496831.499744,2990.633964538574,True,,200,20,accounts receivable,False,False,2990.630865097046,2990.633964538574
1752496831.5003788,2990.39626121521,True,,200,20,net income,False,False,2990.3953075408936,2990.39626121521
1752496831.501003,3823.759078979492,True,,200,20,cash flow,False,False,3823.7571716308594,3823.759078979492
1752496831.501963,2989.208221435547,True,,200,20,operating expenses,False,False,2989.203929901123,2989.208221435547
1752496831.502669,2942.150831222534,True,,200,20,total assets,False,False,2942.1489238739014,2942.150831222534
1752496831.5032792,3165.3037071228027,True,,200,20,liability,False,False,3165.302038192749,3165.3037071228027
1752496831.5038579,983.5929870605469,True,,200,20,equity,False,False,983.590841293335,983.5929870605469
1752496831.504433,3163.506269454956,True,,200,20,profit margin,False,False,3163.506269454956,3163.506269454956
1752496831.5050209,3164.1499996185303,True,,200,20,revenue,False,False,3164.1488075256348,3164.1499996185303
1752496831.5055249,3162.7399921417236,True,,200,20,cost center,False,False,3162.7399921417236,3162.7399921417236
1752496831.506033,3819.614887237549,True,,200,20,accounts receivable,False,False,3819.6139335632324,3819.614887237549
1752496831.5065432,2939.1398429870605,True,,200,20,net income,False,False,2939.138889312744,2939.1398429870605
1752496831.50706,3160.5489253997803,True,,200,20,cash flow,False,False,3160.547971725464,3160.5489253997803
1752496831.5075681,2665.1968955993652,True,,200,20,operating expenses,False,False,2665.196180343628,2665.1968955993652
1752496831.508064,2663.3808612823486,True,,200,20,total assets,False,False,2663.379907608032,2663.3808612823486
1752496831.508565,2663.6340618133545,True,,200,20,liability,False,False,2663.633108139038,2663.6340618133545
1752496831.509185,2982.5499057769775,True,,200,20,equity,False,False,2982.5479984283447,2982.5499057769775
1752496831.509804,1819.8339939117432,True,,200,20,profit margin,False,False,1819.8330402374268,1819.8339939117432
1752496835.427574,2107.786178588867,True,,200,20,revenue,False,False,2107.7680587768555,2107.786178588867
1752496835.431217,1112.6971244812012,True,,200,20,cost center,False,False,1112.6930713653564,1112.6971244812012
1752496835.43358,1781.754970550537,True,,200,20,accounts receivable,False,False,1781.7480564117432,1781.754970550537
1752496835.4361331,3965.5230045318604,True,,200,20,net income,False,False,3965.5191898345947,3965.5230045318604
1752496835.4378428,3964.41912651062,True,,200,20,cash flow,False,False,3964.4150733947754,3964.41912651062
1752496835.439471,2724.6060371398926,True,,200,20,operating expenses,False,False,2724.6031761169434,2724.6060371398926
1752496835.441539,3961.441993713379,True,,200,20,total assets,False,False,3961.4381790161133,3961.441993713379
1752496835.443233,8811.176061630249,True,,200,20,liability,False,False,8811.172723770142,8811.176061630249
1752496835.444623,3117.4302101135254,True,,200,20,equity,False,False,3117.427349090576,3117.4302101135254
1752496835.445867,650.968074798584,True,,200,20,profit margin,False,False,650.9649753570557,650.968074798584
1752496835.446794,3114.4378185272217,True,,200,20,revenue,False,False,3114.435911178589,3114.4378185272217
1752496835.447593,3115.2210235595703,True,,200,20,cost center,False,False,3115.220069885254,3115.2210235595703
1752496835.448441,3113.200902938843,True,,200,20,accounts receivable,False,False,3113.19899559021,3113.200902938843
1752496835.449205,2714.9839401245117,True,,200,20,net income,False,False,2714.982748031616,2714.9839401245117
1752496835.449981,2084.6970081329346,True,,200,20,cash flow,False,False,2084.6951007843018,2084.6970081329346
1752496835.450787,3110.0029945373535,True,,200,20,operating expenses,False,False,3110.002040863037,3110.0029945373535
1752496835.451505,1315.5791759490967,True,,200,20,total assets,False,False,1315.5782222747803,1315.5791759490967
1752496835.452205,583.0249786376953,True,,200,20,liability,False,False,583.0237865447998,583.0249786376953
1752496835.452873,946.9480514526367,True,,200,20,equity,False,False,946.9461441040039,946.9480514526367
1752496835.453579,3950.3209590911865,True,,200,20,profit margin,False,False,3950.3188133239746,3950.3209590911865
1752496844.39816,1532.2189331054688,True,,200,20,revenue,False,False,1532.217025756836,1532.2189331054688
1752496844.398376,1691.8389797210693,True,,200,20,cost center,False,False,1691.8389797210693,1691.8389797210693
1752496844.398485,448.6699104309082,True,,200,20,accounts receivable,False,False,448.6699104309082,448.6699104309082
1752496844.398577,4366.123914718628,True,,200,20,net income,False,False,4366.123914718628,4366.123914718628
1752496844.398667,817.1048164367676,True,,200,20,cash flow,False,False,817.1048164367676,817.1048164367676
1752496844.3987572,4364.729642868042,True,,200,20,operating expenses,False,False,4364.729642868042,4364.729642868042
1752496844.3988411,2046.7288494110107,True,,200,20,total assets,False,False,2046.7288494110107,2046.7288494110107
1752496844.398925,4365.299940109253,True,,200,20,liability,False,False,4365.299940109253,4365.299940109253
1752496844.399007,580.4688930511475,True,,200,20,equity,False,False,580.4688930511475,580.4688930511475
1752496844.3990872,4364.746809005737,True,,200,20,profit margin,False,False,4364.746809005737,4364.746809005737
1752496844.399168,4630.205869674683,True,,200,20,revenue,False,False,4630.205869674683,4630.205869674683
1752496844.3992488,4365.173101425171,True,,200,20,cost center,False,False,4365.173101425171,4365.173101425171
1752496844.3993359,4364.306211471558,True,,200,20,accounts receivable,False,False,4364.306211471558,4364.306211471558
1752496844.3994172,4365.210771560669,True,,200,20,net income,False,False,4365.2098178863525,4365.210771560669
1752496844.3995059,4364.5031452178955,True,,200,20,cash flow,False,False,4364.5031452178955,4364.5031452178955
1752496844.3995872,2949.1970539093018,True,,200,20,operating expenses,False,False,2949.1958618164062,2949.1970539093018
1752496844.3996701,4632.229804992676,True,,200,20,total assets,False,False,4632.229804992676,4632.229804992676
1752496844.39975,2951.8911838531494,True,,200,20,liability,False,False,2951.8911838531494,2951.8911838531494
1752496844.399828,2953.019142150879,True,,200,20,equity,False,False,2953.0181884765625,2953.019142150879
1752496844.399897,2952.4879455566406,True,,200,20,profit margin,False,False,2952.486991882324,2952.4879455566406
1752496849.133646,1184.0369701385498,True,,200,20,revenue,False,False,1184.02099609375,1184.0369701385498
1752496849.13606,3815.788984298706,True,,200,20,cost center,False,False,3815.7849311828613,3815.788984298706
1752496849.1372879,1681.715965270996,True,,200,20,accounts receivable,False,False,1681.7128658294678,1681.715965270996
1752496849.1384041,858.684778213501,True,,200,20,net income,False,False,858.6831092834473,858.684778213501
1752496849.139508,3811.014175415039,True,,200,20,cash flow,False,False,3811.009168624878,3811.014175415039
1752496849.140547,3809.5791339874268,True,,200,20,operating expenses,False,False,3809.576988220215,3809.5791339874268
1752496849.141684,1141.6139602661133,True,,200,20,total assets,False,False,1141.6099071502686,1141.6139602661133
1752496849.142802,3809.122085571289,True,,200,20,liability,False,False,3809.1201782226562,3809.122085571289
1752496849.1436439,3805.2210807800293,True,,200,20,equity,False,False,3805.217981338501,3805.2210807800293
1752496849.144444,3226.973056793213,True,,200,20,profit margin,False,False,3226.9670963287354,3226.973056793213
1752496849.1454709,1708.6131572723389,True,,200,20,revenue,False,False,1708.6100578308105,1708.6131572723389
1752496849.146366,3803.3740520477295,True,,200,20,cost center,False,False,3803.372859954834,3803.3740520477295
1752496849.147207,3802.1080493927,True,,200,20,accounts receivable,False,False,3802.105188369751,3802.1080493927
1752496849.147966,1932.2350025177002,True,,200,20,net income,False,False,1932.2340488433838,1932.2350025177002
1752496849.148693,3802.3788928985596,True,,200,20,cash flow,False,False,3802.3769855499268,3802.3788928985596
1752496849.1493719,3222.132921218872,True,,200,20,operating expenses,False,False,3222.1319675445557,3222.132921218872
1752496849.15009,1131.9470405578613,True,,200,20,total assets,False,False,1131.946086883545,1131.9470405578613
1752496849.150974,3220.043897628784,True,,200,20,liability,False,False,3220.0350761413574,3220.043897628784
1752496849.1518312,1667.6568984985352,True,,200,20,equity,False,False,1667.6549911499023,1667.6568984985352
1752496849.1526048,1927.9470443725586,True,,200,20,profit margin,False,False,1927.9448986053467,1927.9470443725586
1752496855.1152651,1307.2168827056885,True,,200,30,revenue,False,False,1307.2059154510498,1307.2168827056885
1752496855.1158242,5130.293607711792,True,,200,30,cost center,False,False,5130.290985107422,5130.293607711792
1752496855.116073,5128.881216049194,True,,200,30,accounts receivable,False,False,5128.880023956299,5128.881216049194
1752496855.116267,2213.036060333252,True,,200,30,net income,False,False,2213.0351066589355,2213.036060333252
1752496855.116452,675.4529476165771,True,,200,30,cash flow,False,False,675.4517555236816,675.4529476165771
1752496855.116631,1230.2541732788086,True,,200,30,operating expenses,False,False,1230.2532196044922,1230.2541732788086
1752496855.116807,1846.6720581054688,True,,200,30,total assets,False,False,1846.6711044311523,1846.6720581054688
1752496855.116976,7378.247022628784,True,,200,30,liability,False,False,7378.246068954468,7378.247022628784
1752496855.117141,5129.885911941528,True,,200,30,equity,False,False,5129.884958267212,5129.885911941528
1752496855.117308,5129.207134246826,True,,200,30,profit margin,False,False,5129.20618057251,5129.207134246826
1752496855.1174772,701.0388374328613,True,,200,30,revenue,False,False,701.038122177124,701.0388374328613
1752496855.1176682,5118.096828460693,True,,200,30,cost center,False,False,5118.095874786377,5118.096828460693
1752496855.1178381,1873.018741607666,True,,200,30,accounts receivable,False,False,1873.0177879333496,1873.018741607666
1752496855.119738,5123.365879058838,True,,200,30,net income,False,False,5123.363018035889,5123.365879058838
1752496855.120042,7375.586986541748,True,,200,30,cash flow,False,False,7375.586032867432,7375.586986541748
1752496855.120233,947.9379653930664,True,,200,30,operating expenses,False,False,947.93701171875,947.9379653930664
1752496855.120397,7375.454902648926,True,,200,30,total assets,False,False,7375.453948974609,7375.454902648926
1752496855.120555,1226.452112197876,True,,200,30,liability,False,False,1226.4509201049805,1226.452112197876
1752496855.12071,3999.197244644165,True,,200,30,equity,False,False,3999.1962909698486,3999.197244644165
1752496855.1208692,5124.8438358306885,True,,200,30,profit margin,False,False,5124.8438358306885,5124.8438358306885
1752496855.121022,7375.071048736572,True,,200,30,revenue,False,False,7375.071048736572,7375.071048736572
1752496855.121174,5124.276876449585,True,,200,30,cost center,False,False,5124.275922775269,5124.276876449585
1752496855.121326,7374.104022979736,True,,200,30,accounts receivable,False,False,7374.102830886841,7374.104022979736
1752496855.121483,5121.845960617065,True,,200,30,net income,False,False,5121.845006942749,5121.845960617065
1752496855.121639,7374.963760375977,True,,200,30,cash flow,False,False,7374.963045120239,7374.963760375977
1752496855.1218061,5121.071815490723,True,,200,30,operating expenses,False,False,5121.070861816406,5121.071815490723
1752496855.1219661,5123.235702514648,True,,200,30,total assets,False,False,5123.234748840332,5123.235702514648
1752496855.12213,3013.444185256958,True,,200,30,liability,False,False,3013.4432315826416,3013.444185256958
1752496855.122289,5125.132083892822,True,,200,30,equity,False,False,5125.131130218506,5125.132083892822
1752496855.122453,7374.558925628662,True,,200,30,profit margin,False,False,7374.557018280029,7374.558925628662
1752496862.5991712,3828.1426429748535,True,,200,30,revenue,False,False,3828.130006790161,3828.1426429748535
1752496862.6008692,5679.2168617248535,True,,200,30,cost center,False,False,5679.20994758606,5679.2168617248535
1752496862.601697,5677.237033843994,True,,200,30,accounts receivable,False,False,5677.234888076782,5677.237033843994
1752496862.6023822,5677.345991134644,True,,200,30,net income,False,False,5677.34432220459,5677.345991134644
1752496862.6030662,5676.940679550171,True,,200,30,cash flow,False,False,5676.938056945801,5676.940679550171
1752496862.603677,5675.011873245239,True,,200,30,operating expenses,False,False,5675.009965896606,5675.011873245239
1752496862.6042528,5138.575315475464,True,,200,30,total assets,False,False,5138.573169708252,5138.575315475464
1752496862.604785,3287.5800132751465,True,,200,30,liability,False,False,3287.57905960083,3287.5800132751465
1752496862.6052659,5674.175977706909,True,,200,30,equity,False,False,5674.174785614014,5674.175977706909
1752496862.605742,2330.655097961426,True,,200,30,profit margin,False,False,2330.6539058685303,2330.655097961426
1752496862.606244,2963.0160331726074,True,,200,30,revenue,False,False,2963.015079498291,2963.0160331726074
1752496862.606695,5672.4889278411865,True,,200,30,cost center,False,False,5672.48797416687,5672.4889278411865
1752496862.607137,5139.39094543457,True,,200,30,accounts receivable,False,False,5139.388799667358,5139.39094543457
1752496862.6076548,2944.359302520752,True,,200,30,net income,False,False,2944.3562030792236,2944.359302520752
1752496862.608292,1250.6251335144043,True,,200,30,cash flow,False,False,1250.6210803985596,1250.6251335144043
1752496862.608823,1883.4948539733887,True,,200,30,operating expenses,False,False,1883.4939002990723,1883.4948539733887
1752496862.6092758,5111.25922203064,True,,200,30,total assets,False,False,5111.257076263428,5111.25922203064
1752496862.6097028,3283.571243286133,True,,200,30,liability,False,False,3283.5700511932373,3283.571243286133
1752496862.6102211,1630.7337284088135,True,,200,30,equity,False,False,1630.7306289672852,1630.7337284088135
1752496862.6107461,5136.147975921631,True,,200,30,profit margin,False,False,5136.146306991577,5136.147975921631
1752496862.611207,5134.766101837158,True,,200,30,revenue,False,False,5134.763956069946,5134.766101837158
1752496862.611614,5133.9240074157715,True,,200,30,cost center,False,False,5133.923053741455,5133.9240074157715
1752496862.6120162,5107.830762863159,True,,200,30,accounts receivable,False,False,5107.830047607422,5107.830762863159
1752496862.61242,5108.507871627808,True,,200,30,net income,False,False,5108.506917953491,5108.507871627808
1752496862.612811,1880.8529376983643,True,,200,30,cash flow,False,False,1880.8519840240479,1880.8529376983643
1752496862.613208,1880.7399272918701,True,,200,30,operating expenses,False,False,1880.7399272918701,1880.7399272918701
1752496862.613605,2941.70880317688,True,,200,30,total assets,False,False,2941.706895828247,2941.70880317688
1752496862.615201,2941.2941932678223,True,,200,30,liability,False,False,2941.293239593506,2941.2941932678223
1752496862.615583,2940.7942295074463,True,,200,30,equity,False,False,2940.79327583313,2940.7942295074463
1752496862.61594,2940.135955810547,True,,200,30,profit margin,False,False,2940.1350021362305,2940.135955810547
1752496868.381249,1000.4780292510986,True,,200,30,revenue,False,False,1000.4730224609375,1000.4780292510986
1752496868.382011,5492.166996002197,True,,200,30,cost center,False,False,5492.165088653564,5492.166996002197
1752496868.382581,5493.455171585083,True,,200,30,accounts receivable,False,False,5493.454217910767,5493.455171585083
1752496868.383142,5491.43385887146,True,,200,30,net income,False,False,5491.43385887146,5491.43385887146
1752496868.3836958,5491.283178329468,True,,200,30,cash flow,False,False,5491.282224655151,5491.283178329468
1752496868.3842292,5491.3489818573,True,,200,30,operating expenses,False,False,5491.3482666015625,5491.3489818573
1752496868.384778,3631.103038787842,True,,200,30,total assets,False,False,3631.1020851135254,3631.103038787842
1752496868.3853068,1724.3640422821045,True,,200,30,liability,False,False,1724.363088607788,1724.3640422821045
1752496868.385835,5487.972259521484,True,,200,30,equity,False,False,5487.971067428589,5487.972259521484
1752496868.386368,4266.627073287964,True,,200,30,profit margin,False,False,4266.6261196136475,4266.627073287964
1752496868.386911,4673.915863037109,True,,200,30,revenue,False,False,4673.914670944214,4673.915863037109
1752496868.3874109,5486.030101776123,True,,200,30,cost center,False,False,5486.030101776123,5486.030101776123
1752496868.387891,4264.796733856201,True,,200,30,accounts receivable,False,False,4264.795780181885,4264.796733856201
1752496868.388368,4015.834093093872,True,,200,30,net income,False,False,4015.8331394195557,4015.834093093872
1752496868.388885,2591.4249420166016,True,,200,30,cash flow,False,False,2591.4249420166016,2591.4249420166016
1752496868.389369,4014.54496383667,True,,200,30,operating expenses,False,False,4014.54496383667,4014.54496383667
1752496868.389853,4670.208930969238,True,,200,30,total assets,False,False,4670.207977294922,4670.208930969238
1752496868.390336,4669.221878051758,True,,200,30,liability,False,False,4669.220209121704,4669.221878051758
1752496868.3908212,4262.342929840088,True,,200,30,equity,False,False,4262.341022491455,4262.342929840088
1752496868.39132,2547.461986541748,True,,200,30,profit margin,False,False,2547.461986541748,2547.461986541748
1752496868.3918238,4011.1401081085205,True,,200,30,revenue,False,False,4011.1401081085205,4011.1401081085205
1752496868.392301,4260.539770126343,True,,200,30,cost center,False,False,4260.538816452026,4260.539770126343
1752496868.3936582,4008.3699226379395,True,,200,30,accounts receivable,False,False,4008.368730545044,4008.3699226379395
1752496868.394113,3621.5639114379883,True,,200,30,net income,False,False,3621.5639114379883,3621.5639114379883
1752496868.394536,3621.3788986206055,True,,200,30,cash flow,False,False,3621.3788986206055,3621.3788986206055
1752496868.3949912,3619.488000869751,True,,200,30,operating expenses,False,False,3619.488000869751,3619.488000869751
1752496868.395437,4075.5860805511475,True,,200,30,total assets,False,False,4075.5860805511475,4075.5860805511475
1752496868.395885,2543.043851852417,True,,200,30,liability,False,False,2543.0426597595215,2543.043851852417
1752496868.396331,4008.3460807800293,True,,200,30,equity,False,False,4008.345127105713,4008.3460807800293
1752496868.396756,4073.6000537872314,True,,200,30,profit margin,False,False,4073.6000537872314,4073.6000537872314
1752496873.977779,618.8662052154541,True,,200,30,revenue,False,False,618.8580989837646,618.8662052154541
1752496873.9797661,6412.432670593262,True,,200,30,cost center,False,False,6412.430763244629,6412.432670593262
1752496873.980811,6410.861968994141,True,,200,30,accounts receivable,False,False,6410.861015319824,6410.861968994141
1752496873.981865,6411.430835723877,True,,200,30,net income,False,False,6411.428689956665,6411.430835723877
1752496873.9828732,6409.048795700073,True,,200,30,cash flow,False,False,6409.0471267700195,6409.048795700073
1752496873.9838212,6409.028768539429,True,,200,30,operating expenses,False,False,6409.0259075164795,6409.028768539429
1752496873.9847438,3745.6321716308594,True,,200,30,total assets,False,False,3745.6300258636475,3745.6321716308594
1752496873.985643,1714.529037475586,True,,200,30,liability,False,False,1714.526891708374,1714.529037475586
1752496873.986443,6407.031059265137,True,,200,30,equity,False,False,6407.03010559082,6407.031059265137
1752496873.987227,3812.976121902466,True,,200,30,profit margin,False,False,3812.9751682281494,3812.976121902466
1752496873.988239,3838.9639854431152,True,,200,30,revenue,False,False,3838.955879211426,3838.9639854431152
1752496873.989248,595.4470634460449,True,,200,30,cost center,False,False,595.4439640045166,595.4470634460449
1752496873.990056,3837.415933609009,True,,200,30,accounts receivable,False,False,3837.4149799346924,3837.415933609009
1752496873.990832,5549.525737762451,True,,200,30,net income,False,False,5549.525022506714,5549.525737762451
1752496873.991613,3835.0682258605957,True,,200,30,cash flow,False,False,3835.0672721862793,3835.0682258605957
1752496873.992385,1722.3320007324219,True,,200,30,operating expenses,False,False,1722.3308086395264,1722.3320007324219
1752496873.993154,2454.7719955444336,True,,200,30,total assets,False,False,2454.7719955444336,2454.7719955444336
1752496873.993887,3736.431121826172,True,,200,30,liability,False,False,3736.431121826172,3736.431121826172
1752496873.994574,3805.845022201538,True,,200,30,equity,False,False,3805.845022201538,3805.845022201538
1752496873.9952471,1442.5048828125,True,,200,30,profit margin,False,False,1442.5029754638672,1442.5048828125
1752496873.9959419,5543.126106262207,True,,200,30,revenue,False,False,5543.123960494995,5543.126106262207
1752496873.996619,1013.3671760559082,True,,200,30,cost center,False,False,1013.3662223815918,1013.3671760559082
1752496873.997313,5542.112112045288,True,,200,30,accounts receivable,False,False,5542.111158370972,5542.112112045288
1752496873.998105,5538.290023803711,True,,200,30,net income,False,False,5538.286924362183,5538.290023803711
1752496873.998883,5542.200803756714,True,,200,30,cash flow,False,False,5542.198657989502,5542.200803756714
1752496873.999567,3731.048107147217,True,,200,30,operating expenses,False,False,3731.048107147217,3731.048107147217
1752496874.000173,5539.644956588745,True,,200,30,total assets,False,False,5539.644002914429,5539.644956588745
1752496874.0007591,5537.9478931427,True,,200,30,liability,False,False,5537.946939468384,5537.9478931427
1752496874.001338,3732.715129852295,True,,200,30,equity,False,False,3732.7141761779785,3732.715129852295
1752496874.001919,3158.6999893188477,True,,200,30,profit margin,False,False,3158.6990356445312,3158.6999893188477
1752496880.495082,1443.575143814087,True,,200,30,revenue,False,False,1443.568229675293,1443.575143814087
1752496880.496931,2620.594024658203,True,,200,30,cost center,False,False,2620.5902099609375,2620.594024658203
1752496880.498223,1854.1009426116943,True,,200,30,accounts receivable,False,False,1854.0980815887451,1854.1009426116943
1752496880.4993532,2620.828866958618,True,,200,30,net income,False,False,2620.826244354248,2620.828866958618
1752496880.500391,2619.683027267456,True,,200,30,cash flow,False,False,2619.6811199188232,2619.683027267456
1752496880.501151,2618.985891342163,True,,200,30,operating expenses,False,False,2618.983030319214,2618.985891342163
1752496880.501803,7088.080883026123,True,,200,30,total assets,False,False,7088.0796909332275,7088.080883026123
1752496880.5023758,4888.923168182373,True,,200,30,liability,False,False,4888.921022415161,4888.923168182373
1752496880.502947,2616.6207790374756,True,,200,30,equity,False,False,2616.619110107422,2616.6207790374756
1752496880.503492,2744.7729110717773,True,,200,30,profit margin,False,False,2744.771957397461,2744.7729110717773
1752496880.50403,4888.478994369507,True,,200,30,revenue,False,False,4888.47804069519,4888.478994369507
1752496880.50458,4888.619184494019,True,,200,30,cost center,False,False,4888.617992401123,4888.619184494019
1752496880.505134,4886.911869049072,True,,200,30,accounts receivable,False,False,4886.910915374756,4886.911869049072
1752496880.5056782,3470.8988666534424,True,,200,30,net income,False,False,3470.897912979126,3470.8988666534424
1752496880.50623,4885.446786880493,True,,200,30,cash flow,False,False,4885.44487953186,4885.446786880493
1752496880.5067809,2859.7559928894043,True,,200,30,operating expenses,False,False,2859.7559928894043,2859.7559928894043
1752496880.507262,3472.3970890045166,True,,200,30,total assets,False,False,3472.3961353302,3472.3970890045166
1752496880.5077472,3621.401786804199,True,,200,30,liability,False,False,3621.401786804199,3621.401786804199
1752496880.5082319,4885.481119155884,True,,200,30,equity,False,False,4885.479927062988,4885.481119155884
1752496880.5087218,7078.152179718018,True,,200,30,profit margin,False,False,7078.150033950806,7078.152179718018
1752496880.509197,3623.3670711517334,True,,200,30,revenue,False,False,3623.365879058838,3623.3670711517334
1752496880.5096698,3622.248411178589,True,,200,30,cost center,False,False,3622.248411178589,3622.248411178589
1752496880.510158,7083.61291885376,True,,200,30,accounts receivable,False,False,7083.611011505127,7083.61291885376
1752496880.5106401,3468.150854110718,True,,200,30,net income,False,False,3468.1501388549805,3468.150854110718
1752496880.51263,7079.122066497803,True,,200,30,cash flow,False,False,7079.120874404907,7079.122066497803
1752496880.5130749,7078.945159912109,True,,200,30,operating expenses,False,False,7078.943967819214,7078.945159912109
1752496880.513503,3618.6678409576416,True,,200,30,total assets,False,False,3618.666887283325,3618.6678409576416
1752496880.513939,7079.463958740234,True,,200,30,liability,False,False,7079.463005065918,7079.463958740234
1752496880.514376,7078.786134719849,True,,200,30,equity,False,False,7078.785181045532,7078.786134719849
1752496880.514818,716.9129848480225,True,,200,30,profit margin,False,False,716.911792755127,716.9129848480225
1752496889.713774,3401.263952255249,True,,200,50,revenue,False,False,3401.2539386749268,3401.263952255249
1752496889.714438,3690.819025039673,True,,200,50,cost center,False,False,3690.814971923828,3690.819025039673
1752496889.714682,2042.5329208374023,True,,200,50,accounts receivable,False,False,2042.5300598144531,2042.5329208374023
1752496889.714871,2418.745279312134,True,,200,50,net income,False,False,2418.7440872192383,2418.745279312134
1752496889.7151842,1164.937973022461,True,,200,50,cash flow,False,False,1164.9363040924072,1164.937973022461
1752496889.715466,3399.821996688843,True,,200,50,operating expenses,False,False,3399.82008934021,3399.821996688843
1752496889.715679,3824.105978012085,True,,200,50,total assets,False,False,3824.1028785705566,3824.105978012085
1752496889.715889,3055.615186691284,True,,200,50,liability,False,False,3055.6132793426514,3055.615186691284
1752496889.716119,1750.4057884216309,True,,200,50,equity,False,False,1750.403642654419,1750.4057884216309
1752496889.716343,6071.141958236694,True,,200,50,profit margin,False,False,6071.140766143799,6071.141958236694
1752496889.7165298,10369.319200515747,True,,200,50,revenue,False,False,10369.318008422852,10369.319200515747
1752496889.7167099,4723.803281784058,True,,200,50,cost center,False,False,4723.801136016846,4723.803281784058
1752496889.716944,4720.907926559448,True,,200,50,accounts receivable,False,False,4720.906972885132,4720.907926559448
1752496889.717112,10351.714849472046,True,,200,50,net income,False,False,10351.713180541992,10351.714849472046
1752496889.717416,3689.682722091675,True,,200,50,cash flow,False,False,3689.6798610687256,3689.682722091675
1752496889.7176902,6053.196668624878,True,,200,50,operating expenses,False,False,6053.194046020508,6053.196668624878
1752496889.7178721,10366.31989479065,True,,200,50,total assets,False,False,10366.318225860596,10366.31989479065
1752496889.71807,6060.626983642578,True,,200,50,liability,False,False,6060.624837875366,6060.626983642578
1752496889.718267,10366.199016571045,True,,200,50,equity,False,False,10366.198062896729,10366.199016571045
1752496889.7184489,3823.0602741241455,True,,200,50,profit margin,False,False,3823.059320449829,3823.0602741241455
1752496889.7186391,4719.106674194336,True,,200,50,revenue,False,False,4719.1057205200195,4719.106674194336
1752496889.7188292,4721.640825271606,True,,200,50,cost center,False,False,4721.63987159729,4721.640825271606
1752496889.719007,3397.914171218872,True,,200,50,accounts receivable,False,False,3397.9132175445557,3397.914171218872
1752496889.719198,10363.914012908936,True,,200,50,net income,False,False,10363.911867141724,10363.914012908936
1752496889.71938,10366.074085235596,True,,200,50,cash flow,False,False,10366.071939468384,10366.074085235596
1752496889.7195442,10367.424964904785,True,,200,50,operating expenses,False,False,10367.424011230469,10367.424964904785
1752496889.719703,2879.1329860687256,True,,200,50,total assets,False,False,2879.13179397583,2879.1329860687256
1752496889.71986,10363.642930984497,True,,200,50,liability,False,False,10363.641023635864,10363.642930984497
1752496889.7200341,6058.72368812561,True,,200,50,equity,False,False,6058.72368812561,6058.72368812561
1752496889.720191,6404.366016387939,True,,200,50,profit margin,False,False,6404.365062713623,6404.366016387939
1752496889.721854,6057.892084121704,True,,200,50,revenue,False,False,6057.890176773071,6057.892084121704
1752496889.722042,6057.749032974243,True,,200,50,cost center,False,False,6057.748317718506,6057.749032974243
1752496889.722216,6057.485103607178,True,,200,50,accounts receivable,False,False,6057.483196258545,6057.485103607178
1752496889.7223868,10360.908031463623,True,,200,50,net income,False,False,10360.906839370728,10360.908031463623
1752496889.7225568,4717.9741859436035,True,,200,50,cash flow,False,False,4717.9741859436035,4717.9741859436035
1752496889.7227352,10356.34469985962,True,,200,50,operating expenses,False,False,10356.343746185303,10356.34469985962
1752496889.7229068,6401.593208312988,True,,200,50,total assets,False,False,6401.592016220093,6401.593208312988
1752496889.723073,10356.369018554688,True,,200,50,liability,False,False,10356.368064880371,10356.369018554688
1752496889.7232409,10363.051176071167,True,,200,50,equity,False,False,10363.049983978271,10363.051176071167
1752496889.723406,10360.299110412598,True,,200,50,profit margin,False,False,10360.299110412598,10360.299110412598
1752496889.723577,4364.038944244385,True,,200,50,revenue,False,False,4364.037752151489,4364.038944244385
1752496889.7237482,4716.921806335449,True,,200,50,cost center,False,False,4716.921806335449,4716.921806335449
1752496889.723918,10355.314016342163,True,,200,50,accounts receivable,False,False,10355.312824249268,10355.314016342163
1752496889.7241018,10354.828119277954,True,,200,50,net income,False,False,10354.826927185059,10354.828119277954
1752496889.724284,10360.74686050415,True,,200,50,cash flow,False,False,10360.745906829834,10360.74686050415
1752496889.724462,3682.603120803833,True,,200,50,operating expenses,False,False,3682.6019287109375,3682.603120803833
1752496889.724641,10360.110759735107,True,,200,50,total assets,False,False,10360.110759735107,10360.110759735107
1752496889.7248168,10359.129190444946,True,,200,50,liability,False,False,10359.12799835205,10359.129190444946
1752496889.724996,4715.497970581055,True,,200,50,equity,False,False,4715.497016906738,4715.497970581055
1752496889.725174,6399.512052536011,True,,200,50,profit margin,False,False,6399.510860443115,6399.512052536011
1752496900.188558,1013.1049156188965,True,,200,50,revenue,False,False,1013.0980014801025,1013.1049156188965
1752496900.1901891,9392.117023468018,True,,200,50,cost center,False,False,9392.11392402649,9392.117023468018
1752496900.191127,9395.514965057373,True,,200,50,accounts receivable,False,False,9395.51305770874,9395.514965057373
1752496900.1920068,9391.759157180786,True,,200,50,net income,False,False,9391.75796508789,9391.759157180786
1752496900.1928508,9386.900186538696,True,,200,50,cash flow,False,False,9386.898040771484,9386.900186538696
1752496900.1936798,9390.494346618652,True,,200,50,operating expenses,False,False,9390.49220085144,9390.494346618652
1752496900.194485,3451.864004135132,True,,200,50,total assets,False,False,3451.86185836792,3451.864004135132
1752496900.19536,9384.649991989136,True,,200,50,liability,False,False,9384.64879989624,9384.649991989136
1752496900.1960928,9389.334201812744,True,,200,50,equity,False,False,9389.333009719849,9389.334201812744
1752496900.196779,9382.53116607666,True,,200,50,profit margin,False,False,9382.529020309448,9382.53116607666
1752496900.197688,9388.18883895874,True,,200,50,revenue,False,False,9388.18097114563,9388.18883895874
1752496900.1986182,9383.983850479126,True,,200,50,cost center,False,False,9383.981227874756,9383.983850479126
1752496900.1993759,9380.146265029907,True,,200,50,accounts receivable,False,False,9380.14531135559,9380.146265029907
1752496900.200093,3362.8199100494385,True,,200,50,net income,False,False,3362.8180027008057,3362.8199100494385
1752496900.2008162,9378.095865249634,True,,200,50,cash flow,False,False,9378.095149993896,9378.095865249634
1752496900.20149,3444.1959857940674,True,,200,50,operating expenses,False,False,3444.1940784454346,3444.1959857940674
1752496900.202124,9382.86280632019,True,,200,50,total assets,False,False,9382.861852645874,9382.86280632019
1752496900.202754,9381.824016571045,True,,200,50,liability,False,False,9381.823062896729,9381.824016571045
1752496900.203393,9379.532098770142,True,,200,50,equity,False,False,9379.531145095825,9379.532098770142
1752496900.2040188,1865.605115890503,True,,200,50,profit margin,False,False,1865.605115890503,1865.605115890503
1752496900.204642,1969.5911407470703,True,,200,50,revenue,False,False,1969.5911407470703,1969.5911407470703
1752496900.205282,9373.827934265137,True,,200,50,cost center,False,False,9373.826742172241,9373.827934265137
1752496900.205908,3588.4530544281006,True,,200,50,accounts receivable,False,False,3588.452100753784,3588.4530544281006
1752496900.206528,6242.918968200684,True,,200,50,net income,False,False,6242.917776107788,6242.918968200684
1752496900.207139,818.9220428466797,True,,200,50,cash flow,False,False,818.9220428466797,818.9220428466797
1752496900.207699,9375.566959381104,True,,200,50,operating expenses,False,False,9375.566959381104,9375.566959381104
1752496900.2082539,7953.207015991211,True,,200,50,total assets,False,False,7953.2060623168945,7953.207015991211
1752496900.208817,3926.5801906585693,True,,200,50,liability,False,False,3926.5801906585693,3926.5801906585693
1752496900.2093718,1860.227108001709,True,,200,50,equity,False,False,1860.2259159088135,1860.227108001709
1752496900.209912,3588.1810188293457,True,,200,50,profit margin,False,False,3588.1800651550293,3588.1810188293457
1752496900.210464,6316.828012466431,True,,200,50,revenue,False,False,6316.827058792114,6316.828012466431
1752496900.211333,6314.440965652466,True,,200,50,cost center,False,False,6314.440011978149,6314.440965652466
1752496900.2119129,7947.684288024902,True,,200,50,accounts receivable,False,False,7947.683095932007,7947.684288024902
1752496900.212489,6313.321113586426,True,,200,50,net income,False,False,6313.31992149353,6313.321113586426
1752496900.213047,7947.037935256958,True,,200,50,cash flow,False,False,7947.036981582642,7947.037935256958
1752496900.2135339,7948.1751918792725,True,,200,50,operating expenses,False,False,7948.1751918792725,7948.1751918792725
1752496900.2140312,7950.12092590332,True,,200,50,total assets,False,False,7950.12092590332,7950.12092590332
1752496900.2145422,2708.8499069213867,True,,200,50,liability,False,False,2708.8489532470703,2708.8499069213867
1752496900.21504,7948.630094528198,True,,200,50,equity,False,False,7948.629140853882,7948.630094528198
1752496900.2155762,8517.191886901855,True,,200,50,profit margin,False,False,8517.190933227539,8517.191886901855
1752496900.2161238,8516.961097717285,True,,200,50,revenue,False,False,8516.95990562439,8516.961097717285
1752496900.2166212,8516.028881072998,True,,200,50,cost center,False,False,8516.028881072998,8516.028881072998
1752496900.2171469,8515.712976455688,True,,200,50,accounts receivable,False,False,8515.712022781372,8515.712976455688
1752496900.217661,8515.170097351074,True,,200,50,net income,False,False,8515.169143676758,8515.170097351074
1752496900.2181702,6308.115005493164,True,,200,50,cash flow,False,False,6308.115005493164,6308.115005493164
1752496900.218647,6308.781147003174,True,,200,50,operating expenses,False,False,6308.779001235962,6308.781147003174
1752496900.2191591,6309.192895889282,True,,200,50,total assets,False,False,6309.192895889282,6309.192895889282
1752496900.219637,6308.761119842529,True,,200,50,liability,False,False,6308.761119842529,6308.761119842529
1752496900.220133,6308.7968826293945,True,,200,50,equity,False,False,6308.796167373657,6308.7968826293945
1752496900.220646,6308.4352016448975,True,,200,50,profit margin,False,False,6308.4352016448975,6308.4352016448975
1752496909.694928,715.2109146118164,True,,200,50,revenue,False,False,715.2078151702881,715.2109146118164
1752496909.695526,8742.50602722168,True,,200,50,cost center,False,False,8742.505073547363,8742.50602722168
1752496909.6959481,8741.611957550049,True,,200,50,accounts receivable,False,False,8741.611957550049,8741.611957550049
1752496909.69633,8741.86110496521,True,,200,50,net income,False,False,8741.86110496521,8741.86110496521
1752496909.6966999,8742.066144943237,True,,200,50,cash flow,False,False,8742.066144943237,8742.066144943237
1752496909.6970491,8740.258693695068,True,,200,50,operating expenses,False,False,8740.257740020752,8740.258693695068
1752496909.697379,4396.808862686157,True,,200,50,total assets,False,False,4396.807909011841,4396.808862686157
1752496909.6977432,8741.315841674805,True,,200,50,liability,False,False,8741.315841674805,8741.315841674805
1752496909.698105,8740.931749343872,True,,200,50,equity,False,False,8740.930795669556,8740.931749343872
1752496909.698452,8738.581895828247,True,,200,50,profit margin,False,False,8738.579988479614,8738.581895828247
1752496909.698806,8738.90995979309,True,,200,50,revenue,False,False,8738.909006118774,8738.90995979309
1752496909.699114,8738.31295967102,True,,200,50,cost center,False,False,8738.31295967102,8738.31295967102
1752496909.6994638,8739.534139633179,True,,200,50,accounts receivable,False,False,8739.532947540283,8739.534139633179
1752496909.699806,7647.100925445557,True,,200,50,net income,False,False,7647.09997177124,7647.100925445557
1752496909.700293,8736.91201210022,True,,200,50,cash flow,False,False,8736.911296844482,8736.91201210022
1752496909.700753,7646.171092987061,True,,200,50,operating expenses,False,False,7646.170139312744,7646.171092987061
1752496909.701303,8737.08701133728,True,,200,50,total assets,False,False,8737.086057662964,8737.08701133728
1752496909.701731,8736.132860183716,True,,200,50,liability,False,False,8736.132860183716,8736.132860183716
1752496909.7022579,8734.856128692627,True,,200,50,equity,False,False,8734.85517501831,8734.856128692627
1752496909.702637,4391.848087310791,True,,200,50,profit margin,False,False,4391.848087310791,4391.848087310791
1752496909.702976,683.9179992675781,True,,200,50,revenue,False,False,683.9160919189453,683.9179992675781
1752496909.703339,8735.221862792969,True,,200,50,cost center,False,False,8735.221862792969,8735.221862792969
1752496909.703702,7643.135070800781,True,,200,50,accounts receivable,False,False,7643.135070800781,7643.135070800781
1752496909.704034,8042.135000228882,True,,200,50,net income,False,False,8042.134046554565,8042.135000228882
1752496909.704399,8047.6508140563965,True,,200,50,cash flow,False,False,8047.6508140563965,8047.6508140563965
1752496909.704741,4389.330148696899,True,,200,50,operating expenses,False,False,4389.329195022583,4389.330148696899
1752496909.70507,7641.79801940918,True,,200,50,total assets,False,False,7641.79801940918,7641.79801940918
1752496909.705438,4363.984107971191,True,,200,50,liability,False,False,4363.984107971191,4363.984107971191
1752496909.706424,4914.576053619385,True,,200,50,equity,False,False,4914.576053619385,4914.576053619385
1752496909.706739,3267.94695854187,True,,200,50,profit margin,False,False,3267.94695854187,3267.94695854187
1752496909.707079,3942.430257797241,True,,200,50,revenue,False,False,3942.429304122925,3942.430257797241
1752496909.7074308,7639.508962631226,True,,200,50,cost center,False,False,7639.50777053833,7639.508962631226
1752496909.707752,8044.749021530151,True,,200,50,accounts receivable,False,False,8044.748067855835,8044.749021530151
1752496909.708085,7638.80181312561,True,,200,50,net income,False,False,7638.80181312561,7638.80181312561
1752496909.708448,3946.1629390716553,True,,200,50,cash flow,False,False,3946.1617469787598,3946.1629390716553
1752496909.708765,8043.159008026123,True,,200,50,operating expenses,False,False,8043.158054351807,8043.159008026123
1752496909.709101,8042.8948402404785,True,,200,50,total assets,False,False,8042.8948402404785,8042.8948402404785
1752496909.7094111,3944.8277950286865,True,,200,50,liability,False,False,3944.82684135437,3944.8277950286865
1752496909.7097878,6189.154148101807,True,,200,50,equity,False,False,6189.154148101807,6189.154148101807
1752496909.710101,8920.75800895691,True,,200,50,profit margin,False,False,8920.756816864014,8920.75800895691
1752496909.710444,6188.951015472412,True,,200,50,revenue,False,False,6188.951015472412,6188.951015472412
1752496909.710783,9814.584016799927,True,,200,50,cost center,False,False,9814.58306312561,9814.584016799927
1752496909.711149,9816.040992736816,True,,200,50,accounts receivable,False,False,9816.040992736816,9816.040992736816
1752496909.711514,9814.625978469849,True,,200,50,net income,False,False,9814.625024795532,9814.625978469849
1752496909.7118552,9814.61477279663,True,,200,50,cash flow,False,False,9814.613819122314,9814.61477279663
1752496909.7121558,9814.6390914917,True,,200,50,operating expenses,False,False,9814.6390914917,9814.6390914917
1752496909.7124631,5076.653718948364,True,,200,50,total assets,False,False,5076.653003692627,5076.653718948364
1752496909.7127838,5074.887275695801,True,,200,50,liability,False,False,5074.886083602905,5074.887275695801
1752496909.713144,5076.031923294067,True,,200,50,equity,False,False,5076.030969619751,5076.031923294067
1752496909.713463,5075.933933258057,True,,200,50,profit margin,False,False,5075.933933258057,5075.933933258057
1752496919.6285062,607.3417663574219,True,,200,50,revenue,False,False,607.3379516601562,607.3417663574219
1752496919.629399,8589.488983154297,True,,200,50,cost center,False,False,8589.48802947998,8589.488983154297
1752496919.6300402,8588.294744491577,True,,200,50,accounts receivable,False,False,8588.294744491577,8588.294744491577
1752496919.6306791,8587.67580986023,True,,200,50,net income,False,False,8587.674856185913,8587.67580986023
1752496919.631406,8586.988925933838,True,,200,50,cash flow,False,False,8586.984157562256,8586.988925933838
1752496919.632254,8586.688995361328,True,,200,50,operating expenses,False,False,8586.686849594116,8586.688995361328
1752496919.632991,8615.996837615967,True,,200,50,total assets,False,False,8615.99588394165,8615.996837615967
1752496919.633643,8584.770202636719,True,,200,50,liability,False,False,8584.770202636719,8584.770202636719
1752496919.634323,8584.052085876465,True,,200,50,equity,False,False,8584.05089378357,8584.052085876465
1752496919.63492,8583.944320678711,True,,200,50,profit margin,False,False,8583.943128585815,8583.944320678711
1752496919.635495,8583.431243896484,True,,200,50,revenue,False,False,8583.430290222168,8583.431243896484
1752496919.636058,8582.901000976562,True,,200,50,cost center,False,False,8582.900285720825,8582.901000976562
1752496919.6366231,8582.427978515625,True,,200,50,accounts receivable,False,False,8582.427263259888,8582.427978515625
1752496919.6371598,4246.548175811768,True,,200,50,net income,False,False,4246.546983718872,4246.548175811768
1752496919.637723,8580.585241317749,True,,200,50,cash flow,False,False,8580.584287643433,8580.585241317749
1752496919.638282,4245.357036590576,True,,200,50,operating expenses,False,False,4245.355844497681,4245.357036590576
1752496919.638819,8609.677076339722,True,,200,50,total assets,False,False,8609.675884246826,8609.677076339722
1752496919.639359,8610.018968582153,True,,200,50,liability,False,False,8610.018014907837,8610.018968582153
1752496919.639905,8579.002857208252,True,,200,50,equity,False,False,8579.001903533936,8579.002857208252
1752496919.641579,8607.61022567749,True,,200,50,profit margin,False,False,8607.609033584595,8607.61022567749
1752496919.642401,8939.969062805176,True,,200,50,revenue,False,False,8939.96810913086,8939.969062805176
1752496919.6430972,2916.506767272949,True,,200,50,cost center,False,False,2916.505813598633,2916.506767272949
1752496919.6436381,8936.031818389893,True,,200,50,accounts receivable,False,False,8936.030864715576,8936.031818389893
1752496919.644167,1632.3890686035156,True,,200,50,net income,False,False,1632.3881149291992,1632.3890686035156
1752496919.644673,8938.196897506714,True,,200,50,cash flow,False,False,8938.195943832397,8938.196897506714
1752496919.6451871,8603.893041610718,True,,200,50,operating expenses,False,False,8603.893041610718,8603.893041610718
1752496919.645699,2335.4949951171875,True,,200,50,total assets,False,False,2335.4949951171875,2335.4949951171875
1752496919.64621,586.8439674377441,True,,200,50,liability,False,False,586.8439674377441,586.8439674377441
1752496919.646719,8933.881998062134,True,,200,50,equity,False,False,8933.881044387817,8933.881998062134
1752496919.64725,3183.0551624298096,True,,200,50,profit margin,False,False,3183.0551624298096,3183.0551624298096
1752496919.647771,4235.918045043945,True,,200,50,revenue,False,False,4235.918045043945,4235.918045043945
1752496919.648285,8930.683135986328,True,,200,50,cost center,False,False,8930.683135986328,8930.683135986328
1752496919.6487832,8935.24193763733,True,,200,50,accounts receivable,False,False,8935.241222381592,8935.24193763733
1752496919.6492789,2342.766284942627,True,,200,50,net income,False,False,2342.7650928497314,2342.766284942627
1752496919.6497438,4234.000205993652,True,,200,50,cash flow,False,False,4233.999013900757,4234.000205993652
1752496919.650235,6922.837018966675,True,,200,50,operating expenses,False,False,6922.837018966675,6922.837018966675
1752496919.650733,6920.198917388916,True,,200,50,total assets,False,False,6920.196771621704,6920.198917388916
1752496919.651238,8851.389169692993,True,,200,50,liability,False,False,8851.389169692993,8851.389169692993
1752496919.6517189,8851.762294769287,True,,200,50,equity,False,False,8851.761102676392,8851.762294769287
1752496919.652231,8856.220006942749,True,,200,50,profit margin,False,False,8856.218099594116,8856.220006942749
1752496919.652686,4231.040000915527,True,,200,50,revenue,False,False,4231.039047241211,4231.040000915527
1752496919.653149,8856.471061706543,True,,200,50,cost center,False,False,8856.471061706543,8856.471061706543
1752496919.653624,8856.367826461792,True,,200,50,accounts receivable,False,False,8856.367826461792,8856.367826461792
1752496919.6540859,6919.06213760376,True,,200,50,net income,False,False,6919.061183929443,6919.06213760376
1752496919.654536,8928.933143615723,True,,200,50,cash flow,False,False,8928.932189941406,8928.933143615723
1752496919.6550038,4228.663206100464,True,,200,50,operating expenses,False,False,4228.663206100464,4228.663206100464
1752496919.655453,8853.819131851196,True,,200,50,total assets,False,False,8853.817224502563,8853.819131851196
1752496919.655921,8854.857921600342,True,,200,50,liability,False,False,8854.857921600342,8854.857921600342
1752496919.6563609,6917.561292648315,True,,200,50,equity,False,False,6917.558908462524,6917.561292648315
1752496919.656791,8853.602170944214,True,,200,50,profit margin,False,False,8853.602170944214,8853.602170944214
